function_nodeinfo,rate_function_nodeinfo,success_rate_function_nodeinfo,cpu_usage_function_nodeinfo,ram_usage_function_nodeinfo,replica_nodeinfo,overloaded_function_nodeinfo,function_shasum,rate_function_shasum,success_rate_function_shasum,cpu_usage_function_shasum,ram_usage_function_shasum,replica_shasum,overloaded_function_shasum,function_cows,rate_function_cows,success_rate_function_cows,cpu_usage_function_cows,ram_usage_function_cows,replica_cows,overloaded_function_cows,cpu_usage_idle_node,cpu_usage_node,ram_usage_idle_node,ram_usage_node,rest_seconds,overloaded_node
nodeinfo,0,1.000,0.000,0.000,1,0,shasum,0,1.000,0.000,0.000,1,0,cows,0,1.000,0.000,0.000,1,0,49.240,49.240,14526671530.667,14526671530.667,10,0
nodeinfo,0,1.000,0.000,0.000,1,0,shasum,0,1.000,0.000,0.000,1,0,cows,0,1.000,0.000,0.000,1,0,50.960,50.960,14529075882.667,14529075882.667,10,0
nodeinfo,0,1.000,0.000,0.000,1,0,shasum,0,1.000,0.000,0.000,1,0,cows,0,1.000,0.000,0.000,1,0,49.880,49.880,14530140842.667,14530140842.667,10,0
nodeinfo,0,1.000,0.143,21805056.000,1,0,shasum,0,1.000,0.083,5560832.000,1,0,cows,10,1.000,1.706,23733248.000,1,0,45.960,50.230,14527771306.667,14528592042.667,10,0
nodeinfo,0,1.000,0.136,22258346.667,1,0,shasum,0,1.000,0.080,6044160.000,1,0,cows,10,1.000,2.478,5554176.000,1,0,86.280,96.930,14557553322.667,14538132480.000,10,0
nodeinfo,0,1.000,0.108,22647808.000,1,0,shasum,0,1.000,0.083,6564352.000,1,0,cows,10,1.000,3.035,13795328.000,1,0,74.120,79.104,14456436736.000,14487505408.000,10,0
nodeinfo,0,1.000,0.128,23253504.000,1,0,shasum,0,1.000,0.082,6944768.000,1,0,cows,20,1.000,3.499,6651904.000,1,0,81.400,82.080,14473342976.000,14499417770.667,10,0
nodeinfo,0,1.000,0.142,23816192.000,1,0,shasum,0,1.000,0.087,7213568.000,1,0,cows,20,1.000,3.246,14131200.000,1,0,95.360,113.503,14478454784.000,14513840128.000,10,0
nodeinfo,0,1.000,0.139,24816128.000,1,0,shasum,0,1.000,0.075,7535616.000,1,0,cows,20,1.000,2.812,6803456.000,1,0,83.143,83.506,14487565653.333,14494628352.000,10,0
nodeinfo,0,1.000,0.131,25127936.000,1,0,shasum,0,1.000,0.074,7829504.000,1,0,cows,30,1.000,2.972,5419008.000,1,0,82.560,101.220,14488704341.333,14518108330.667,10,0
nodeinfo,0,1.000,0.149,25598464.000,1,0,shasum,0,1.000,0.065,8068096.000,1,0,cows,30,1.000,4.390,14770176.000,1,0,93.984,89.616,14495967914.667,14499657728.000,10,0
nodeinfo,0,1.000,0.126,24610816.000,1,0,shasum,0,1.000,0.090,8366592.000,1,0,cows,30,1.000,5.001,13438976.000,1,0,86.880,104.790,14490692266.667,14522284544.000,10,0
nodeinfo,0,1.000,0.133,24898560.000,1,0,shasum,0,1.000,0.086,8796160.000,1,0,cows,40,1.000,5.956,13715456.000,1,0,89.000,91.520,14493138944.000,14500619946.667,10,0
nodeinfo,0,1.000,0.127,25107456.000,1,0,shasum,0,1.000,0.077,8786432.000,1,0,cows,40,1.000,5.306,38856704.000,1,0,96.440,93.190,14505327274.667,14507600042.667,10,0
nodeinfo,0,1.000,0.106,24944128.000,1,0,shasum,0,1.000,0.094,8834048.000,1,0,cows,40,1.000,4.206,5206016.000,1,0,89.920,108.180,14503395328.000,14532188160.000,10,0
nodeinfo,0,1.000,0.118,25034581.333,1,0,shasum,0,1.000,0.080,8875520.000,1,0,cows,50,1.000,5.140,7225344.000,5,0,95.920,101.370,14510967466.667,14523394901.333,10,0
nodeinfo,0,1.000,0.117,25146368.000,1,0,shasum,0,1.000,0.074,8881664.000,1,0,cows,50,1.000,7.044,16515072.000,1,0,127.280,122.130,14551977984.000,14537008128.000,10,0
nodeinfo,0,1.000,0.125,25399808.000,1,0,shasum,0,1.000,0.079,8894805.333,1,0,cows,50,0.999,6.006,40709632.000,1,0,96.440,97.290,14518455637.333,14527990442.667,10,0
nodeinfo,0,1.000,0.126,25430528.000,1,0,shasum,10,1.000,0.771,3248128.000,1,0,cows,0,1.000,3.208,5251072.000,1,0,103.680,85.040,14521301674.667,14527236437.333,10,0
nodeinfo,0,1.000,0.133,25776298.667,1,0,shasum,10,1.000,1.158,4464128.000,1,0,cows,0,1.000,0.112,44440405.333,1,0,81.000,74.450,14501997909.333,14518836736.000,10,0
nodeinfo,0,1.000,0.131,26155008.000,1,0,shasum,10,1.000,1.656,3784704.000,1,0,cows,0,1.000,0.087,44527616.000,1,0,84.240,89.590,14512646144.000,14543278762.667,10,0
nodeinfo,0,1.000,0.132,26484736.000,1,0,shasum,10,1.000,1.426,3612160.000,5,0,cows,10,1.000,1.055,11587584.000,5,0,96.320,95.210,14531245397.333,14546980352.000,10,0
nodeinfo,0,1.000,0.143,26809514.667,1,0,shasum,10,1.000,1.261,3882496.000,5,0,cows,10,1.000,2.043,17238698.667,5,0,117.880,108.850,14581527210.667,14577995776.000,10,0
nodeinfo,0,1.000,0.118,27052544.000,1,0,shasum,10,1.000,1.379,3891200.000,5,0,cows,10,1.000,2.561,44487680.000,5,0,114.000,108.130,14574654122.667,14575584085.333,10,0
nodeinfo,0,1.000,0.215,27274240.000,1,0,shasum,10,1.000,1.192,3485184.000,5,0,cows,20,1.000,2.833,4296704.000,5,0,107.640,110.260,14575839232.000,14559683072.000,10,0
nodeinfo,0,1.000,0.144,27415040.000,1,0,shasum,10,1.000,1.460,4497408.000,5,0,cows,20,1.000,7.190,12396544.000,13,0,118.320,131.370,14527136426.667,14629068629.333,10,0
nodeinfo,0,1.000,0.125,27604480.000,1,0,shasum,10,1.000,1.826,4345344.000,5,0,cows,20,1.000,2.974,4431872.000,5,0,131.200,135.580,14776588970.667,14687370581.333,10,0
nodeinfo,0,1.000,0.115,27720704.000,1,0,shasum,10,1.000,1.338,3489792.000,5,0,cows,30,1.000,7.275,16479744.000,13,0,117.720,133.880,14558932992.000,14657462954.667,10,0
nodeinfo,0,1.000,0.141,27869696.000,1,0,shasum,10,1.000,1.658,4095488.000,5,0,cows,30,1.000,11.207,25902080.000,20,1,132.720,146.000,14809991168.000,14904488789.333,10,1
nodeinfo,0,1.000,0.119,25689088.000,1,0,shasum,10,1.000,1.170,4467370.667,1,0,cows,30,1.000,4.593,26611712.000,5,0,144.360,133.890,15030676138.667,14857556821.333,20,0
nodeinfo,0,1.000,0.126,25621845.333,1,0,shasum,10,1.000,1.457,3440640.000,1,0,cows,40,1.000,11.605,15904768.000,13,0,143.280,155.890,14557480960.000,14703604906.667,10,0
nodeinfo,0,1.000,0.148,25690624.000,1,0,shasum,10,1.000,1.024,3895296.000,1,0,cows,40,1.000,5.327,25239552.000,5,0,129.240,140.660,14846227114.667,14785105749.333,20,0
nodeinfo,0,1.000,0.129,25850538.667,1,0,shasum,10,1.000,1.474,3868160.000,1,0,cows,40,1.000,11.470,15938048.000,13,0,155.640,146.290,14590443520.000,14710858752.000,10,0
nodeinfo,0,1.000,0.129,25999530.667,1,0,shasum,10,1.000,1.241,3888469.333,1,0,cows,50,0.999,5.496,25339221.333,5,0,161.040,144.010,14860195840.000,14797377536.000,20,0
nodeinfo,0,1.000,0.130,25723904.000,1,0,shasum,10,1.000,1.748,4513792.000,1,0,cows,50,1.000,13.356,17287168.000,13,0,152.920,159.020,14599915520.000,14726209706.667,10,0
nodeinfo,0,1.000,0.122,25845077.333,1,0,shasum,10,1.000,1.189,3799722.667,1,0,cows,50,1.000,5.393,20510037.333,5,0,165.320,147.260,14886930432.000,14812219904.000,20,0
nodeinfo,0,1.000,0.109,25947648.000,1,0,shasum,20,1.000,1.788,4453205.333,1,0,cows,0,1.000,4.960,16530090.667,1,0,170.080,139.620,14613662378.667,14668579669.333,10,0
nodeinfo,0,1.000,0.135,25992874.667,1,0,shasum,20,1.000,3.140,6365184.000,1,0,cows,0,1.000,0.100,47142058.667,1,0,121.587,96.467,14564078933.333,14554790400.000,10,0
nodeinfo,0,1.000,0.118,26087424.000,1,0,shasum,20,1.000,2.045,2998272.000,1,0,cows,0,1.000,0.099,47282005.333,1,0,89.400,100.660,14535073109.333,14568001877.333,10,0
nodeinfo,0,1.000,0.155,26255872.000,1,0,shasum,20,1.000,2.564,5042176.000,1,0,cows,10,1.000,0.936,46091776.000,1,0,102.720,88.820,14546355541.333,14539366741.333,10,0
nodeinfo,0,1.000,0.098,26472448.000,1,0,shasum,20,1.000,2.496,4339712.000,1,0,cows,10,1.000,1.058,5791744.000,1,0,123.240,113.860,14560357034.667,14570443264.000,10,0
nodeinfo,0,1.000,0.132,26557952.000,1,0,shasum,20,1.000,3.448,3876864.000,1,0,cows,10,1.000,0.910,6291456.000,1,0,112.080,112.440,14552399189.333,14573673813.333,10,0
nodeinfo,0,1.000,0.133,26566144.000,1,0,shasum,20,1.000,2.143,4483072.000,1,0,cows,20,1.000,1.800,7393280.000,1,0,125.360,112.950,14566085973.333,14579498325.333,10,0
nodeinfo,0,1.000,0.123,26385920.000,1,0,shasum,20,1.000,2.569,3876352.000,1,0,cows,20,1.000,2.924,47379456.000,1,0,124.920,115.030,14567097685.333,14586891776.000,10,0
nodeinfo,0,1.000,0.107,26519722.667,1,0,shasum,20,1.000,3.321,4202496.000,1,0,cows,20,1.000,5.348,47526400.000,1,0,120.640,116.920,14577760256.000,14591945386.667,10,0
nodeinfo,0,1.000,0.134,26639360.000,1,0,shasum,20,1.000,2.016,4197376.000,1,0,cows,30,1.000,2.435,17123328.000,1,0,129.960,116.070,14578271573.333,14588812800.000,10,0
nodeinfo,0,1.000,0.139,26829824.000,1,0,shasum,20,1.000,3.267,5697536.000,1,0,cows,30,1.000,3.497,12759040.000,1,0,135.040,122.790,14571401898.667,14586687658.667,10,0
nodeinfo,0,1.000,0.127,26966016.000,1,0,shasum,20,1.000,2.743,4155392.000,5,0,cows,30,1.000,3.430,7413760.000,5,0,128.440,121.149,14570216106.667,14584556373.333,10,0
nodeinfo,0,1.000,0.129,26857984.000,1,0,shasum,20,1.000,2.936,4386304.000,5,0,cows,40,1.000,4.210,20119552.000,5,0,130.160,127.000,14590989653.333,14594393770.667,10,0
nodeinfo,0,1.000,0.122,26884096.000,1,0,shasum,20,1.000,2.362,4157440.000,5,0,cows,40,1.000,8.641,11257856.000,13,0,129.200,145.920,14591144618.667,14680678400.000,10,0
nodeinfo,0,1.000,0.133,26939392.000,1,0,shasum,20,1.000,3.439,4945408.000,9,0,cows,40,1.000,8.438,23914496.000,17,1,133.600,131.770,14825824938.667,14895976448.000,10,1
nodeinfo,0,1.000,0.137,26234880.000,1,0,shasum,30,1.000,2.345,4734976.000,5,0,cows,0,1.000,3.237,24799232.000,1,0,160.200,133.403,15008804864.000,14887577088.000,20,0
nodeinfo,0,1.000,0.120,26230784.000,1,0,shasum,30,1.000,4.792,2883584.000,9,0,cows,0,1.000,0.114,42186581.333,1,0,123.760,95.500,14564233216.000,14562797738.667,10,0
nodeinfo,0,1.000,0.137,26392746.667,1,0,shasum,30,1.000,5.311,5456384.000,13,0,cows,0,1.000,0.110,41867776.000,1,0,113.000,103.250,14609255082.667,14662194688.000,10,0
nodeinfo,0,1.000,0.107,26309120.000,1,0,shasum,30,1.000,3.213,7731200.000,5,0,cows,10,1.000,0.527,42107904.000,1,0,104.040,111.990,14711805269.333,14713005226.667,20,0
nodeinfo,0,1.000,0.129,26357248.000,1,0,shasum,30,1.000,4.684,4778496.000,1,0,cows,10,1.000,3.761,10305536.000,1,0,169.720,142.050,14584976042.667,14618180608.000,10,0
nodeinfo,0,1.000,0.135,26528768.000,1,0,shasum,30,1.000,4.363,4374528.000,1,0,cows,10,1.000,2.755,7794688.000,1,0,140.880,132.370,14572795904.000,14595709269.333,10,0
nodeinfo,0,1.000,0.112,26652672.000,1,0,shasum,30,1.000,3.208,4146688.000,1,0,cows,20,1.000,1.351,5025792.000,1,0,130.600,126.710,14563482965.333,14583915349.333,10,0
nodeinfo,0,1.000,0.132,26813440.000,1,0,shasum,30,1.000,3.767,4769792.000,1,0,cows,20,0.998,1.122,5976064.000,1,0,130.720,120.410,14557728085.333,14580089344.000,10,0
nodeinfo,0,1.000,0.128,27038720.000,1,0,shasum,30,1.000,2.691,4179968.000,1,0,cows,20,1.000,3.881,7495680.000,1,0,126.400,122.720,14572375381.333,14592017749.333,10,0
nodeinfo,0,1.000,0.133,26843648.000,1,0,shasum,30,1.000,3.998,4109312.000,1,0,cows,30,1.000,3.478,6778880.000,1,0,123.560,147.400,14578689365.333,14625941504.000,10,0
nodeinfo,0,1.000,0.118,26894848.000,1,0,shasum,30,1.000,4.554,6070272.000,1,0,cows,30,1.000,4.432,6225920.000,1,0,194.160,146.500,14594033664.000,14542810112.000,10,0
nodeinfo,0,1.000,0.126,27128832.000,1,0,shasum,30,1.000,4.464,4157440.000,1,0,cows,30,1.000,4.574,12892160.000,1,0,134.200,126.300,14518842709.333,14537848320.000,10,0
nodeinfo,0,1.000,0.109,27258368.000,1,0,shasum,30,1.000,1.983,6430720.000,1,0,cows,40,1.000,3.836,5849088.000,1,0,135.280,127.680,14525533525.333,14538127701.333,10,0
nodeinfo,0,1.000,0.122,27430400.000,1,0,shasum,30,1.000,3.938,4055040.000,1,0,cows,40,1.000,4.880,20348928.000,1,0,138.040,126.650,14519401130.667,14538648234.667,10,0
nodeinfo,0,1.000,0.126,27668480.000,1,0,shasum,30,1.000,4.042,4612096.000,1,0,cows,40,1.000,4.572,13496320.000,1,0,136.400,126.650,14530440533.333,14547142656.000,10,0
nodeinfo,0,1.000,0.118,28027392.000,1,0,shasum,30,1.000,3.971,4555776.000,1,0,cows,50,1.000,7.176,19939328.000,1,0,141.280,130.774,14505992192.000,14487208106.667,10,0
nodeinfo,0,1.000,0.134,28168192.000,1,0,shasum,30,1.000,3.946,3993600.000,1,0,cows,50,1.000,4.965,6651904.000,1,0,141.960,129.880,14450962432.000,14472406869.333,10,0
nodeinfo,0,1.000,0.142,28500480.000,1,0,shasum,30,1.000,4.102,4153344.000,5,0,cows,50,1.000,4.394,7385088.000,5,0,142.880,130.720,14468924074.667,14487772842.667,10,0
nodeinfo,0,1.000,0.129,28087296.000,1,0,shasum,40,1.000,5.286,4532224.000,5,0,cows,0,1.000,2.592,49450154.667,1,0,131.400,120.280,14475053056.000,14464790698.667,10,0
nodeinfo,0,1.000,0.126,28133888.000,1,0,shasum,40,1.000,5.748,4828672.000,5,0,cows,0,1.000,0.108,49547264.000,1,0,95.840,99.380,14419886762.667,14425373013.333,10,0
nodeinfo,0,1.000,0.118,28277760.000,1,0,shasum,40,1.000,6.306,4286464.000,5,0,cows,0,1.000,0.089,49604096.000,1,0,115.200,117.380,14433368746.667,14459324928.000,10,0
nodeinfo,0,1.000,0.122,28185088.000,1,0,shasum,40,1.000,5.106,4612096.000,5,0,cows,10,1.000,0.919,49754112.000,5,0,110.440,107.820,14425184938.667,14420827477.333,10,0
nodeinfo,0,1.000,0.118,28264960.000,1,0,shasum,40,1.000,5.663,5822976.000,13,0,cows,10,1.000,1.666,5955584.000,5,0,119.880,135.530,14456131584.000,14499156821.333,10,0
nodeinfo,0,1.000,0.133,28378965.333,1,0,shasum,40,1.000,5.610,8661504.000,20,1,cows,10,1.000,1.633,7471104.000,5,0,129.880,137.970,14595268608.000,14641969664.000,10,1
nodeinfo,0,1.000,0.111,28659712.000,1,0,shasum,50,1.000,5.467,4320256.000,5,0,cows,0,1.000,0.492,20242432.000,1,0,141.720,133.920,14732280490.667,14690753194.667,20,0
nodeinfo,0,1.000,0.120,29033984.000,1,0,shasum,50,1.000,4.953,5654016.000,9,0,cows,0,1.000,0.112,50265600.000,1,0,139.880,111.480,14489470293.333,14488071680.000,10,0
nodeinfo,0,1.000,0.155,29127680.000,1,0,shasum,50,1.000,6.953,5188437.333,13,0,cows,0,1.000,0.116,50246656.000,1,0,100.320,102.510,14524633088.000,14551070720.000,10,0
nodeinfo,0,1.000,0.127,29039616.000,1,0,shasum,50,1.000,6.676,8506880.000,17,1,cows,10,1.000,0.859,50089984.000,5,0,115.000,110.800,14595720533.333,14627675477.333,10,1
nodeinfo,0,1.000,0.134,29185024.000,1,0,shasum,50,1.000,4.145,9044992.000,5,0,cows,10,1.000,2.042,5545984.000,5,0,132.240,152.180,14727575552.000,14730746880.000,20,0
nodeinfo,0,1.000,0.124,29211136.000,1,0,shasum,50,1.000,5.978,3674112.000,9,0,cows,10,1.000,1.200,4501504.000,1,0,168.120,147.970,14593095680.000,14597285888.000,10,0
nodeinfo,0,1.000,0.126,29195776.000,1,0,shasum,50,1.000,7.482,8027477.333,20,1,cows,20,1.000,2.099,7802880.000,5,0,132.760,153.470,14625646592.000,14684958549.333,10,1
nodeinfo,0,1.000,0.118,29392896.000,1,0,shasum,50,1.000,6.182,8638634.667,5,0,cows,20,1.000,3.069,5095424.000,5,0,152.680,141.910,14816181589.333,14813927594.667,20,0
nodeinfo,0,1.000,0.133,29254656.000,1,0,shasum,50,1.000,6.789,2756608.000,9,0,cows,20,1.000,4.556,17142272.000,9,0,172.485,144.711,14612832256.000,14628166826.667,10,0
nodeinfo,0,1.000,0.117,29103104.000,1,0,shasum,50,1.000,7.207,5047296.000,13,0,cows,30,1.000,7.116,25024000.000,13,0,143.320,136.350,14731869525.333,14802629632.000,10,0
nodeinfo,0,1.000,0.116,27921920.000,1,0,shasum,50,1.000,7.327,8428032.000,17,1,cows,30,1.000,9.800,13729621.333,17,1,166.960,153.702,14912384341.333,14987976021.333,10,1
nodeinfo,0,1.000,0.143,27049472.000,1,0,shasum,50,1.000,5.915,2527232.000,5,0,cows,30,1.000,4.439,21278720.000,1,0,171.640,175.220,15114351274.667,14992760490.667,20,0
nodeinfo,0,1.000,0.123,27574272.000,1,0,shasum,50,1.000,7.539,4933120.000,13,0,cows,40,1.000,3.172,5414912.000,1,0,212.720,186.010,14578959018.667,14615742976.000,10,0
nodeinfo,0,1.000,0.141,27893248.000,1,0,shasum,50,1.000,5.059,8426837.333,1,0,cows,40,1.000,4.972,17655125.333,1,0,183.520,144.830,14653539669.333,14683154773.333,20,0
nodeinfo,0,1.000,0.127,28429312.000,1,0,shasum,50,1.000,6.541,4984832.000,1,0,cows,40,1.000,3.458,9256960.000,1,0,177.000,155.800,14505791488.000,14524437162.667,10,0
nodeinfo,0,1.000,0.121,28635136.000,1,0,shasum,50,1.000,5.600,5033984.000,1,0,cows,50,1.000,4.885,18657280.000,1,0,138.440,145.140,14507732309.333,14530269696.000,10,0
nodeinfo,0,1.000,0.119,28919466.667,1,0,shasum,50,1.000,5.684,4929536.000,1,0,cows,50,1.000,6.281,14921728.000,1,0,148.560,143.870,14513630549.333,14509879637.333,10,0
nodeinfo,0,1.000,0.127,29093888.000,1,0,shasum,50,1.000,5.242,7208960.000,1,0,cows,50,1.000,4.364,5271552.000,1,0,150.348,144.537,14433994752.000,14450216277.333,10,0
nodeinfo,10,1.000,1.021,30576640.000,1,0,shasum,0,1.000,2.444,3332096.000,1,0,cows,0,1.000,4.373,5382144.000,1,0,147.680,112.090,14437207381.333,14452011861.333,10,0
nodeinfo,10,1.000,3.032,12967936.000,1,0,shasum,0,1.000,0.071,14815232.000,1,0,cows,0,1.000,0.102,49819136.000,1,0,92.720,81.840,14432997376.000,14423215957.333,10,0
nodeinfo,10,1.000,2.428,6418432.000,1,0,shasum,0,1.000,0.084,14831104.000,1,0,cows,0,1.000,0.106,49877504.000,1,0,85.680,98.580,14411469482.667,14440586752.000,10,0
nodeinfo,10,1.000,2.302,6934528.000,1,0,shasum,0,1.000,0.119,14841685.333,1,0,cows,10,1.000,0.676,49652736.000,1,0,81.937,83.444,14405904384.000,14410056021.333,10,0
nodeinfo,10,1.000,5.149,12654592.000,1,0,shasum,0,1.000,0.081,14815232.000,1,0,cows,10,1.000,2.607,50257920.000,1,0,111.200,105.360,14431849130.667,14455149568.000,10,0
nodeinfo,10,1.000,3.607,12820480.000,1,0,shasum,0,1.000,0.088,14815232.000,1,0,cows,10,1.000,2.450,6365184.000,1,0,113.960,105.780,14452912128.000,14467471018.667,10,0
nodeinfo,10,1.000,2.812,3063808.000,1,0,shasum,0,1.000,0.095,14815232.000,1,0,cows,20,1.000,2.001,15601664.000,1,0,113.040,117.030,14443276288.000,14460835669.333,10,0
nodeinfo,10,1.000,2.645,7172096.000,1,0,shasum,0,1.000,0.082,14815232.000,1,0,cows,20,1.000,3.985,13094912.000,1,0,120.880,114.490,14446875989.333,14465608362.667,10,0
nodeinfo,10,1.000,2.627,4939776.000,1,0,shasum,0,1.000,0.075,14815232.000,1,0,cows,20,1.000,2.138,9859072.000,1,0,142.400,128.110,14442439338.667,14463486122.667,10,0
nodeinfo,10,1.000,1.990,5267456.000,5,0,shasum,0,1.000,0.099,14815232.000,1,0,cows,30,1.000,3.357,18011136.000,5,0,120.640,152.860,14439746901.333,14519382357.333,10,0
nodeinfo,10,1.000,1.824,5144576.000,5,0,shasum,0,1.000,0.069,14815232.000,1,0,cows,30,1.000,2.824,12435456.000,5,0,131.240,135.570,14468571818.667,14473973248.000,10,0
nodeinfo,10,1.000,2.927,5144576.000,5,0,shasum,0,1.000,0.092,14815232.000,1,0,cows,30,1.000,3.839,6291456.000,5,0,134.453,122.303,14497819306.667,14460793685.333,10,0
nodeinfo,10,1.000,2.057,11345920.000,5,0,shasum,0,1.000,0.082,14815232.000,1,0,cows,40,1.000,3.696,50582016.000,5,0,128.640,140.060,14484174165.333,14469656405.333,10,0
nodeinfo,10,1.000,3.166,5820416.000,1,0,shasum,0,1.000,0.085,14815232.000,1,0,cows,40,1.000,9.720,17013760.000,9,0,121.440,154.280,14484605610.667,14570162346.667,10,0
nodeinfo,10,1.000,1.675,6074368.000,5,0,shasum,0,1.000,0.083,14815232.000,1,0,cows,40,1.000,11.398,25917952.000,20,1,159.920,168.140,14722170880.000,14804409344.000,10,1
nodeinfo,10,1.000,2.427,7544832.000,5,0,shasum,10,1.000,0.843,17437696.000,5,0,cows,0,1.000,2.589,27428864.000,1,0,163.040,150.880,14960974506.667,14814696448.000,20,0
nodeinfo,10,1.000,3.491,15854250.667,5,0,shasum,10,1.000,1.382,3743744.000,5,0,cows,0,1.000,0.120,49039360.000,1,0,125.600,116.510,14523153749.333,14525449386.667,10,0
nodeinfo,10,1.000,1.534,8433664.000,5,0,shasum,10,1.000,1.758,3801088.000,5,0,cows,0,1.000,0.096,48819029.333,1,0,140.600,152.680,14554540032.000,14599675221.333,10,0
nodeinfo,10,1.000,2.692,16732160.000,1,0,shasum,10,1.000,1.351,3156650.667,1,0,cows,10,1.000,0.891,48947712.000,1,0,126.800,130.530,14554707285.333,14537486165.333,10,0
nodeinfo,10,1.000,2.666,13787136.000,1,0,shasum,10,1.000,1.169,3837440.000,1,0,cows,10,0.997,0.983,5451776.000,1,0,152.000,145.770,14483355648.000,14567864320.000,10,0
nodeinfo,10,1.000,1.677,4001792.000,1,0,shasum,10,1.000,1.694,5201920.000,1,0,cows,10,1.000,1.920,8863744.000,1,0,136.640,141.060,14538511018.667,14590623914.667,10,0
nodeinfo,10,1.000,2.333,13086720.000,1,0,shasum,10,1.000,1.955,3641344.000,1,0,cows,20,1.000,3.859,17412096.000,9,0,138.320,149.750,14541013674.667,14629688320.000,10,0
nodeinfo,10,1.000,3.079,20850688.000,1,0,shasum,10,1.000,1.749,5394432.000,1,0,cows,20,1.000,9.297,7802880.000,17,1,181.280,186.700,14732137130.667,14856554325.333,10,1
nodeinfo,10,1.000,2.632,17316522.667,1,0,shasum,10,1.000,1.038,3825152.000,1,0,cows,20,1.000,5.272,20371456.000,1,0,185.520,164.580,14982786389.333,14906638165.333,20,0
nodeinfo,10,1.000,2.001,7401472.000,1,0,shasum,10,1.000,1.634,3778048.000,1,0,cows,30,1.000,4.370,13440000.000,9,0,140.160,159.530,14560275114.667,14677151402.667,10,0
nodeinfo,10,1.000,1.460,7421952.000,1,0,shasum,10,1.000,1.651,2760704.000,1,0,cows,30,1.000,5.803,14163968.000,1,0,194.920,186.600,14777987072.000,14802430976.000,10,0
nodeinfo,10,1.000,2.531,16424960.000,1,0,shasum,10,1.000,1.415,3836928.000,1,0,cows,30,1.000,4.421,18964480.000,1,0,167.560,172.670,14608064512.000,14627036501.333,10,0
nodeinfo,10,1.000,1.957,4771840.000,1,0,shasum,10,1.000,1.624,3942400.000,1,0,cows,40,1.000,3.706,4743168.000,1,0,150.080,149.640,14581894485.333,14615609856.000,10,0
nodeinfo,10,1.000,1.528,6017024.000,1,0,shasum,10,1.000,1.622,5509120.000,1,0,cows,40,0.998,3.664,5976064.000,1,0,166.480,152.780,14591573333.333,14628196864.000,10,0
nodeinfo,10,1.000,1.672,7335936.000,1,0,shasum,10,1.000,1.251,3748864.000,1,0,cows,40,1.000,4.789,20004864.000,1,0,153.040,153.270,14583582720.000,14616624640.000,10,0
nodeinfo,10,1.000,2.166,6029312.000,1,0,shasum,10,1.000,1.179,4067328.000,1,0,cows,50,0.999,5.093,4071424.000,1,0,149.320,154.700,14590657194.667,14629604181.333,10,0
nodeinfo,10,1.000,1.881,8642560.000,1,0,shasum,10,1.000,1.623,3871232.000,1,0,cows,50,1.000,5.772,6201344.000,1,0,165.640,142.410,14586647893.333,14611636736.000,10,0
nodeinfo,10,1.000,1.767,7380992.000,1,0,shasum,10,1.000,1.504,4141056.000,1,0,cows,50,1.000,5.544,45647701.333,1,0,136.880,138.593,14590116522.667,14631286442.667,10,0
nodeinfo,10,1.000,1.755,5390336.000,1,0,shasum,20,1.000,2.894,3857408.000,1,0,cows,0,1.000,2.326,7249920.000,1,0,143.920,128.170,14599066282.667,14619524266.667,10,0
nodeinfo,10,1.000,2.069,7073792.000,1,0,shasum,20,1.000,2.844,5521408.000,1,0,cows,0,1.000,0.098,46026752.000,1,0,135.400,113.350,14561447253.333,14576437589.333,10,0
nodeinfo,10,1.000,3.287,5103616.000,1,0,shasum,20,1.000,2.257,4062720.000,1,0,cows,0,1.000,0.096,46029312.000,1,0,118.680,144.470,14562140842.667,14627358890.667,10,0
nodeinfo,10,1.000,1.708,20869632.000,5,0,shasum,20,1.000,3.039,3653632.000,5,0,cows,10,1.000,0.986,45658112.000,5,0,133.600,114.790,14595512320.000,14590250325.333,10,0
nodeinfo,10,1.000,1.380,9678848.000,5,0,shasum,20,1.000,2.828,3897344.000,5,0,cows,10,1.000,1.233,6090752.000,5,0,144.640,141.550,14620232362.667,14630929920.000,10,0
nodeinfo,10,1.000,2.737,5926912.000,5,0,shasum,20,1.000,2.793,4139008.000,5,0,cows,10,1.000,1.715,15542954.667,5,0,139.080,147.620,14632288938.667,14646384640.000,10,0
nodeinfo,10,1.000,1.863,5304320.000,5,0,shasum,20,1.000,2.679,3125248.000,5,0,cows,20,1.000,2.242,6291456.000,5,0,141.120,143.920,14649380864.000,14641853781.333,10,0
nodeinfo,10,1.000,2.060,9154560.000,1,0,shasum,20,1.000,3.126,3950080.000,9,0,cows,20,1.000,6.655,14072832.000,9,0,169.520,170.390,14626405717.333,14742112256.000,10,0
nodeinfo,10,1.000,2.288,2646016.000,1,0,shasum,20,1.000,3.612,7375872.000,17,1,cows,20,1.000,6.051,23795200.000,17,1,136.320,230.560,14910844245.333,15096356693.333,10,1
nodeinfo,10,1.000,1.976,3493888.000,1,0,shasum,30,1.000,3.740,8041358.222,5,0,cows,0,1.000,0.823,22448128.000,1,0,210.360,228.760,15285097813.333,15212855637.333,20,0
nodeinfo,10,1.000,1.710,4755456.000,5,0,shasum,30,1.000,3.344,3358720.000,5,0,cows,0,1.000,0.202,35568640.000,1,0,384.720,250.470,14688757077.333,14720480426.667,10,0
nodeinfo,10,1.000,1.996,21317120.000,5,0,shasum,30,1.000,4.291,4630528.000,5,0,cows,0,1.000,0.104,35054592.000,1,0,141.080,130.860,14710472021.333,14704217258.667,10,0
nodeinfo,10,1.000,3.008,14645760.000,5,0,shasum,30,1.000,5.007,4323328.000,5,0,cows,10,1.000,0.745,35856896.000,5,0,122.720,135.350,14702036309.333,14707833685.333,10,0
nodeinfo,10,1.000,2.071,6115328.000,5,0,shasum,30,1.000,4.629,4087808.000,5,0,cows,10,1.000,1.435,20976981.333,5,0,157.040,149.010,14744766464.000,14745392298.667,10,0
nodeinfo,10,1.000,2.851,20078592.000,5,0,shasum,30,1.000,4.495,4980736.000,13,0,cows,10,1.000,1.211,21093034.667,5,0,154.960,167.230,14740635648.000,14783398570.667,10,0
nodeinfo,10,1.000,1.923,5505024.000,1,0,shasum,30,1.000,5.354,8448170.667,20,1,cows,20,1.000,1.734,38343680.000,5,0,199.880,192.732,14859186858.667,14903965184.000,10,1
nodeinfo,10,1.000,1.917,14761984.000,1,0,shasum,30,1.000,4.045,4413952.000,5,0,cows,20,1.000,3.474,5697536.000,5,0,178.200,202.190,14947212629.333,15027833344.000,20,0
nodeinfo,10,0.997,1.919,7778304.000,1,0,shasum,30,1.000,3.961,3248128.000,13,0,cows,20,1.000,7.770,13330432.000,13,0,215.360,202.560,14775998464.000,14912269312.000,10,0
nodeinfo,10,1.000,2.163,5550080.000,1,0,shasum,30,1.000,2.621,3987456.000,5,0,cows,30,1.000,3.103,25014272.000,5,0,186.480,201.590,15113213269.333,15131786922.667,20,0
nodeinfo,10,1.000,2.358,5480448.000,1,0,shasum,30,1.000,4.326,3082752.000,13,0,cows,30,1.000,6.951,11091456.000,13,0,198.320,197.270,14787177813.333,14944897706.667,10,0
nodeinfo,10,1.000,2.482,16541013.333,1,0,shasum,30,1.000,3.205,6252032.000,1,0,cows,30,1.000,3.960,21513557.333,1,0,217.713,195.237,15160313173.333,15165820245.333,20,0
nodeinfo,10,1.000,1.261,6012928.000,1,0,shasum,30,1.000,3.455,3096576.000,1,0,cows,40,1.000,3.216,41572352.000,1,0,179.880,190.330,14741189290.667,14795912192.000,10,0
nodeinfo,10,1.000,1.478,19718144.000,1,0,shasum,30,1.000,4.572,4478976.000,1,0,cows,40,1.000,4.786,6639616.000,1,0,182.400,178.442,14753343488.000,14801615530.667,10,0
nodeinfo,10,1.000,2.570,5713920.000,1,0,shasum,30,1.000,4.125,6475776.000,1,0,cows,40,1.000,3.920,7368704.000,1,0,172.320,164.890,14746778965.333,14783195818.667,10,0
nodeinfo,10,1.000,2.204,20369408.000,1,0,shasum,30,1.000,3.275,5754880.000,1,0,cows,50,1.000,2.487,5316608.000,1,0,170.560,176.230,14747096405.333,14789540693.333,10,0
nodeinfo,10,1.000,1.528,40052736.000,1,0,shasum,30,1.000,4.572,3616256.000,1,0,cows,50,1.000,5.820,5128192.000,1,0,179.520,173.990,14739165866.667,14780737877.333,10,0
nodeinfo,10,1.000,2.741,13717504.000,1,0,shasum,30,1.000,3.938,5144576.000,1,0,cows,50,1.000,4.649,7159808.000,1,0,181.960,169.280,14739382954.667,14771927210.667,10,0
nodeinfo,10,1.000,1.133,5697536.000,1,0,shasum,40,1.000,4.721,2908160.000,1,0,cows,0,1.000,2.753,5488640.000,1,0,174.480,157.400,14735439872.000,14776512000.000,10,0
nodeinfo,10,0.997,2.701,6164480.000,1,0,shasum,40,1.000,5.625,4292608.000,1,0,cows,0,1.000,0.185,50070528.000,1,0,139.280,128.017,14710891178.667,14718140928.000,10,0
nodeinfo,10,1.000,1.597,5316608.000,1,0,shasum,40,1.000,5.879,6115328.000,1,0,cows,0,1.000,0.115,49825792.000,1,0,152.720,166.020,14701457408.000,14784825173.333,10,0
nodeinfo,10,1.000,2.149,5767168.000,5,0,shasum,40,1.000,4.980,6389760.000,5,0,cows,10,1.000,0.919,50108928.000,5,0,155.343,138.876,14741463040.000,14743529642.667,10,0
nodeinfo,10,1.000,4.395,14256128.000,5,0,shasum,40,1.000,5.739,4433920.000,5,0,cows,10,1.000,1.235,19038208.000,5,0,155.080,155.720,14765333162.667,14768936618.667,10,0
nodeinfo,10,1.000,2.036,5525504.000,5,0,shasum,40,1.000,6.693,4337152.000,5,0,cows,10,1.000,1.696,6402048.000,5,0,162.280,159.580,14767344981.333,14778653525.333,10,0
nodeinfo,10,1.000,2.470,8884224.000,5,0,shasum,40,1.000,4.829,6152192.000,5,0,cows,20,1.000,1.904,52435968.000,5,0,152.960,159.150,14780546389.333,14789046272.000,10,0
nodeinfo,10,1.000,3.365,19326293.333,5,0,shasum,40,1.000,5.712,3334144.000,13,0,cows,20,1.000,3.814,5517312.000,5,0,160.320,163.830,14781563562.667,14822064298.667,10,0
nodeinfo,10,0.997,1.801,10948608.000,5,0,shasum,40,1.000,4.926,2719744.000,20,1,cows,20,1.000,7.502,11560960.000,13,0,171.720,185.310,14909337600.000,15042164394.667,10,1
nodeinfo,10,1.000,1.687,5955584.000,1,0,shasum,50,1.000,3.619,3032405.333,5,0,cows,0,1.000,4.527,5328896.000,1,0,196.120,204.160,15272474624.000,15145405098.667,20,0
nodeinfo,10,1.000,2.444,14491648.000,1,0,shasum,50,1.000,6.363,4154880.000,13,0,cows,0,1.000,0.111,41293312.000,1,0,187.000,164.680,14709189973.333,14751211520.000,10,0
nodeinfo,10,1.000,2.271,17816234.667,1,0,shasum,50,1.000,5.676,8299008.000,5,0,cows,0,1.000,0.101,41136128.000,1,0,173.840,170.010,14822627328.000,14879064917.333,20,0
nodeinfo,10,1.000,4.318,20262912.000,1,0,shasum,50,1.000,6.489,4657152.000,13,0,cows,10,1.000,0.924,41298432.000,1,0,239.240,181.580,14726471680.000,14782913194.667,10,0
nodeinfo,10,1.000,1.556,10817536.000,1,0,shasum,50,1.000,3.152,3763712.000,1,0,cows,10,1.000,2.121,19546112.000,1,0,165.240,163.380,14853801984.000,14924727296.000,20,0
nodeinfo,10,1.000,1.540,12832768.000,1,0,shasum,50,1.000,6.040,4630528.000,1,0,cows,10,1.000,0.885,4902912.000,1,0,173.240,161.270,14706642261.333,14757810346.667,10,0
nodeinfo,10,1.000,1.691,6594560.000,1,0,shasum,50,1.000,5.971,5574656.000,1,0,cows,20,1.000,5.684,13393920.000,1,0,166.160,159.530,14714671786.667,14745504938.667,10,0
nodeinfo,10,1.000,2.566,6463488.000,1,0,shasum,50,1.000,5.338,4845568.000,1,0,cows,20,1.000,2.103,8298496.000,1,0,159.800,175.190,14713290752.000,14755604309.333,10,0
nodeinfo,10,1.000,3.442,13438976.000,1,0,shasum,50,1.000,6.173,7589888.000,1,0,cows,20,1.000,1.635,6594560.000,1,0,166.320,158.500,14703472640.000,14728407893.333,10,0
nodeinfo,10,1.000,1.682,4833280.000,1,0,shasum,50,1.000,5.663,4294144.000,1,0,cows,30,1.000,3.464,7905280.000,1,0,169.080,163.520,14693799253.333,14731629909.333,10,0
nodeinfo,10,1.000,1.964,5357568.000,1,0,shasum,50,1.000,6.992,6467584.000,1,0,cows,30,1.000,2.880,7442432.000,1,0,168.240,170.680,14681611605.333,14722403328.000,10,0
nodeinfo,10,1.000,2.138,7458816.000,5,0,shasum,50,1.000,8.234,4560896.000,5,0,cows,30,1.000,4.484,12709888.000,5,0,160.720,165.480,14739707221.333,14747789994.667,10,0
nodeinfo,10,1.000,1.566,19980288.000,5,0,shasum,50,1.000,6.925,4562944.000,5,0,cows,40,1.000,3.463,6799360.000,5,0,178.760,176.150,14720419840.000,14716259328.000,10,0
nodeinfo,10,1.000,2.051,6549504.000,5,0,shasum,50,1.000,7.142,4901888.000,13,0,cows,40,1.000,6.742,7360512.000,13,0,168.560,189.690,14711917226.667,14865333760.000,10,0
nodeinfo,10,1.000,2.275,6266880.000,5,0,shasum,50,1.000,6.973,4661930.667,20,1,cows,40,1.000,12.230,20001109.333,20,1,194.360,200.098,15111602858.667,15255093930.667,10,1
nodeinfo,20,1.000,3.020,4890624.000,1,0,shasum,0,1.000,1.330,7569920.000,1,0,cows,0,1.000,2.945,20824064.000,1,0,252.000,205.690,15461115904.000,15276651008.000,20,0
nodeinfo,20,1.000,2.858,5640192.000,1,0,shasum,0,1.000,0.120,14627840.000,1,0,cows,0,1.000,0.104,38021120.000,1,0,169.200,134.420,14721256106.667,14703610880.000,10,0
nodeinfo,20,1.000,3.036,6643712.000,1,0,shasum,0,1.000,0.078,14761984.000,1,0,cows,0,1.000,0.088,38320640.000,1,0,93.440,91.770,14683465045.333,14684068864.000,10,0
nodeinfo,20,1.000,5.188,6819840.000,1,0,shasum,0,1.000,0.083,14761984.000,1,0,cows,10,1.000,0.797,38366208.000,1,0,96.600,92.190,14654324736.000,14678336682.667,10,0
nodeinfo,20,1.000,3.626,5623808.000,1,0,shasum,0,1.000,0.101,14795264.000,1,0,cows,10,1.000,2.938,15020032.000,1,0,118.480,117.540,14700182869.333,14708757333.333,10,0
nodeinfo,20,1.000,2.214,5283840.000,1,0,shasum,0,1.000,0.083,14815232.000,1,0,cows,10,1.000,2.587,41034752.000,1,0,111.040,113.150,14671554560.000,14690771114.667,10,0
nodeinfo,20,1.000,3.682,5394432.000,1,0,shasum,0,1.000,0.077,14815232.000,1,0,cows,20,0.998,3.404,12883968.000,1,0,113.360,120.880,14672198314.667,14692483584.000,10,0
nodeinfo,20,1.000,2.880,6938624.000,1,0,shasum,0,1.000,0.088,14815232.000,1,0,cows,20,1.000,2.459,4780032.000,1,0,139.560,162.859,14667821738.667,14744196778.667,10,0
nodeinfo,20,1.000,2.674,6815744.000,1,0,shasum,0,1.000,0.079,14815232.000,1,0,cows,20,1.000,2.039,7503872.000,1,0,125.560,120.830,14676028757.333,14697355434.667,10,0
nodeinfo,20,1.000,3.644,9162752.000,1,0,shasum,0,1.000,0.088,14815232.000,1,0,cows,30,1.000,3.808,14180352.000,1,0,129.520,124.290,14666740394.667,14690881536.000,10,0
nodeinfo,20,1.000,2.806,7307264.000,5,0,shasum,0,1.000,0.074,14910464.000,1,0,cows,30,1.000,3.287,7127040.000,5,0,127.800,127.610,14668389034.667,14694507178.667,10,0
nodeinfo,20,1.000,3.190,5730304.000,5,0,shasum,0,1.000,0.060,14942208.000,1,0,cows,30,1.000,3.380,20819968.000,5,0,113.040,128.160,14714499754.667,14693155669.333,10,0
nodeinfo,20,1.000,3.661,15863808.000,5,0,shasum,0,1.000,0.076,14942208.000,1,0,cows,40,1.000,4.691,16083626.667,5,0,125.080,128.680,14694807552.000,14676689066.667,10,0
nodeinfo,20,1.000,3.083,7757824.000,5,0,shasum,0,1.000,0.103,14976000.000,1,0,cows,40,1.000,4.177,20197376.000,5,0,129.000,136.500,14693580117.333,14685181440.000,10,0
nodeinfo,20,0.998,3.404,5509120.000,5,0,shasum,0,1.000,0.084,14987264.000,1,0,cows,40,1.000,10.975,15699456.000,17,1,157.600,186.410,14722520405.333,14863059285.333,10,1
nodeinfo,20,1.000,4.381,16210602.667,5,0,shasum,10,1.000,1.232,15646720.000,1,0,cows,0,1.000,4.446,18236757.333,1,0,161.240,138.540,15045380778.667,14968691200.000,20,0
nodeinfo,20,1.000,10.640,22414336.000,13,0,shasum,10,1.000,1.296,3067904.000,1,0,cows,0,1.000,0.129,43192832.000,1,0,154.160,158.480,14714375509.333,14853378048.000,10,0
nodeinfo,20,1.000,3.751,6008832.000,5,0,shasum,10,1.000,1.126,3776512.000,1,0,cows,0,1.000,0.105,43532288.000,1,0,126.160,140.340,14979055616.000,14920087381.333,20,0
nodeinfo,20,1.000,7.777,15839232.000,1,0,shasum,10,1.000,1.683,4319232.000,1,0,cows,10,1.000,0.596,44538026.667,1,0,149.696,148.124,14739036160.000,14796855808.000,10,0
nodeinfo,20,1.000,2.855,4743168.000,1,0,shasum,10,1.000,1.454,4188160.000,1,0,cows,10,1.000,1.936,13598720.000,1,0,151.920,151.910,14721103872.000,14779500202.667,10,0
nodeinfo,20,1.000,3.719,8118272.000,1,0,shasum,10,1.000,1.517,3905024.000,1,0,cows,10,1.000,2.382,6615040.000,1,0,153.720,144.000,14749074773.333,14778091178.667,10,0
nodeinfo,20,1.000,2.820,17913856.000,1,0,shasum,10,1.000,1.294,3100672.000,1,0,cows,20,1.000,2.500,6299648.000,1,0,151.880,151.640,14746430805.333,14788057941.333,10,0
nodeinfo,20,1.000,3.409,6664192.000,1,0,shasum,10,1.000,1.675,4116480.000,1,0,cows,20,1.000,2.195,45693952.000,1,0,149.960,143.560,14760278016.000,14791493973.333,10,0
nodeinfo,20,1.000,2.992,5844992.000,1,0,shasum,10,1.000,1.302,4015104.000,1,0,cows,20,1.000,1.993,12599296.000,1,0,153.120,141.060,14767507456.000,14799394986.667,10,0
nodeinfo,20,1.000,3.445,10137600.000,1,0,shasum,10,1.000,1.406,5320704.000,1,0,cows,30,1.000,2.100,5529600.000,1,0,152.360,148.280,14758714026.667,14798246570.667,10,0
nodeinfo,20,1.000,3.537,5943296.000,1,0,shasum,10,1.000,1.552,3737088.000,1,0,cows,30,1.000,2.418,4849664.000,1,0,154.520,148.236,14755521194.667,14789417130.667,10,0
nodeinfo,20,0.998,5.048,20062208.000,5,0,shasum,10,1.000,1.625,5378048.000,5,0,cows,30,1.000,2.142,45205504.000,5,0,162.920,147.660,14765308586.667,14791906474.667,10,0
nodeinfo,20,1.000,3.564,6967296.000,5,0,shasum,10,1.000,1.565,2789376.000,5,0,cows,40,1.000,4.366,4349952.000,5,0,160.480,163.780,14795674965.333,14806131029.333,10,0
nodeinfo,20,1.000,3.239,5046272.000,5,0,shasum,10,1.000,1.603,3811328.000,5,0,cows,40,1.000,4.220,7643136.000,5,0,155.880,161.570,14799486293.333,14811268608.000,10,0
nodeinfo,20,1.000,3.313,4726784.000,5,0,shasum,10,1.000,1.868,3371008.000,5,0,cows,40,1.000,9.365,16999936.000,13,0,161.000,170.160,14806846805.333,14890748757.333,10,0
nodeinfo,20,1.000,6.892,27859456.000,13,0,shasum,10,1.000,1.763,3129344.000,5,0,cows,50,0.997,11.761,24655872.000,20,1,189.240,212.410,15032902314.667,15219472554.667,10,1
nodeinfo,20,0.136,2.067,27149312.000,17,1,shasum,10,0.102,0.752,3674112.000,1,1,cows,50,0.136,6.892,23470762.667,20,1,306.480,531.719,15494737920.000,15648407688.533,20,1
nodeinfo,20,1.000,4.831,20753749.333,5,0,shasum,10,1.000,1.400,1609728.000,1,0,cows,50,1.000,6.528,22451200.000,5,0,798.467,678.290,15674550272.000,15660617728.000,20,1
nodeinfo,20,1.000,4.039,20934656.000,1,0,shasum,20,1.000,2.845,6606848.000,1,0,cows,0,1.000,2.375,22196224.000,1,0,476.320,286.600,15179535701.333,14986404864.000,10,0
nodeinfo,20,1.000,7.050,13550080.000,5,0,shasum,20,1.000,3.124,3723093.333,5,0,cows,0,1.000,0.093,46912853.333,1,0,167.520,146.850,14852356778.667,14906180437.333,10,0
nodeinfo,20,1.000,8.821,24530261.333,13,0,shasum,20,1.000,3.234,4284928.000,13,0,cows,0,1.000,0.126,48897536.000,1,0,164.320,159.180,15023907498.667,15172091904.000,10,0
nodeinfo,20,1.000,8.556,12337664.000,17,1,shasum,20,1.000,4.088,3501568.000,17,1,cows,10,1.000,1.154,50660693.333,1,0,139.320,157.800,15320335018.667,15415270229.333,10,1
nodeinfo,20,0.978,1.334,18640213.333,1,0,shasum,20,0.982,0.837,5312000.000,1,0,cows,10,1.000,0.706,6676480.000,1,0,799.937,440.642,15618562048.000,15341667242.667,20,1
nodeinfo,20,1.000,6.861,58468352.000,5,0,shasum,20,1.000,4.448,2871296.000,5,0,cows,10,1.000,1.420,6676480.000,5,0,151.200,133.730,14821821781.333,14776359253.333,10,0
nodeinfo,20,1.000,4.821,15529301.333,5,0,shasum,20,1.000,2.763,4154368.000,5,0,cows,20,1.000,1.995,14004224.000,5,0,151.920,156.640,14833802581.333,14843736064.000,10,0
nodeinfo,20,1.000,3.745,7569408.000,5,0,shasum,20,1.000,3.243,3889152.000,5,0,cows,20,1.000,2.266,9826304.000,5,0,153.468,156.227,14830393344.000,14844455936.000,10,0
nodeinfo,20,1.000,6.886,13733888.000,9,0,shasum,20,1.000,3.121,4438016.000,9,0,cows,20,1.000,4.760,21112832.000,9,0,162.640,143.320,14851253589.333,14953204565.333,10,0
nodeinfo,20,1.000,7.436,3977216.000,13,0,shasum,20,1.000,3.349,4814848.000,13,0,cows,30,1.000,6.713,2617344.000,13,0,174.400,164.750,15131835733.333,15258482517.333,10,0
nodeinfo,20,1.000,5.069,12379136.000,1,0,shasum,20,1.000,2.314,7500288.000,1,0,cows,30,1.000,5.944,24107690.667,1,0,215.560,251.880,15454884522.667,15497719125.333,10,0
nodeinfo,20,1.000,4.325,8335360.000,1,0,shasum,20,1.000,3.246,3041962.667,1,0,cows,30,1.000,3.447,6230016.000,1,0,290.960,251.800,15123408213.333,15025895424.000,10,0
nodeinfo,20,1.000,3.506,15319040.000,1,0,shasum,20,1.000,2.671,4253184.000,1,0,cows,40,1.000,2.654,19931136.000,1,0,168.720,165.740,14892293461.333,14934327466.667,10,0
nodeinfo,20,1.000,2.944,8138752.000,1,0,shasum,20,1.000,3.234,6057984.000,1,0,cows,40,1.000,4.436,13512704.000,1,0,170.560,161.520,14901642581.333,14941357226.667,10,0
nodeinfo,20,1.000,3.908,5820416.000,1,0,shasum,20,1.000,2.363,4408320.000,1,0,cows,40,1.000,5.244,4714496.000,1,0,164.280,164.030,14899466922.667,14907864576.000,10,0
nodeinfo,20,1.000,4.440,7852032.000,1,0,shasum,20,1.000,2.868,6246400.000,1,0,cows,50,1.000,3.899,4976640.000,1,0,165.720,160.550,14830733312.000,14865947818.667,10,0
nodeinfo,20,1.000,2.768,17677824.000,1,0,shasum,20,1.000,2.493,5484544.000,1,0,cows,50,1.000,5.082,17879040.000,1,0,174.200,162.900,14836255402.667,14878270976.000,10,0
nodeinfo,20,1.000,3.277,47134720.000,1,0,shasum,20,1.000,3.495,4988928.000,1,0,cows,50,1.000,6.968,13596672.000,1,0,169.240,165.370,14834001920.000,14840429397.333,10,0
nodeinfo,20,1.000,4.262,20350976.000,1,0,shasum,30,1.000,3.602,3902976.000,1,0,cows,0,1.000,1.849,6721536.000,1,0,172.725,151.207,14720951637.333,14760181589.333,10,0
nodeinfo,20,0.998,4.484,46674944.000,1,0,shasum,30,1.000,4.838,5677056.000,1,0,cows,0,1.000,0.103,55858688.000,1,0,152.600,129.900,14707972778.667,14725658282.667,10,0
nodeinfo,20,1.000,4.707,5791744.000,1,0,shasum,30,1.000,4.175,3469312.000,1,0,cows,0,1.000,0.076,55765504.000,1,0,136.240,157.150,14723444736.000,14776953173.333,10,0
nodeinfo,20,1.000,3.828,16606720.000,5,0,shasum,30,1.000,4.279,4616192.000,5,0,cows,10,1.000,0.971,56474112.000,5,0,165.650,138.623,14716953395.200,14724806997.333,10,0
nodeinfo,20,1.000,4.012,20193280.000,5,0,shasum,30,1.000,3.908,4046336.000,5,0,cows,10,1.000,1.342,4796416.000,5,0,163.760,157.440,14774089045.333,14782367914.667,10,0
nodeinfo,20,1.000,3.751,15896576.000,5,0,shasum,30,1.000,3.741,5246976.000,5,0,cows,10,1.000,1.215,6549504.000,5,0,156.840,160.220,14781498709.333,14791013034.667,10,0
nodeinfo,20,1.000,7.139,14276608.000,13,0,shasum,30,1.000,3.340,4285440.000,13,0,cows,20,1.000,3.274,15183872.000,5,0,159.600,174.702,14771077802.667,14884670464.000,10,0
nodeinfo,20,1.000,8.897,22461440.000,17,1,shasum,30,1.000,4.466,8114688.000,17,1,cows,20,1.000,4.442,15774720.000,9,0,197.920,178.770,15113679530.667,15248123904.000,10,1
nodeinfo,20,1.000,5.380,22420138.667,5,0,shasum,30,1.000,2.991,2977792.000,5,0,cows,20,1.000,3.890,20332544.000,5,0,237.640,266.870,15446847488.000,15362005845.333,20,0
nodeinfo,20,1.000,5.660,12124160.000,1,0,shasum,30,1.000,4.380,6514176.000,9,0,cows,30,1.000,6.606,13744469.333,9,0,231.640,198.086,14875278677.333,14925053440.000,10,0
nodeinfo,20,1.000,2.454,6057984.000,1,0,shasum,30,1.000,4.376,10807296.000,1,0,cows,30,0.999,6.843,24586240.000,1,0,215.520,203.960,15035149653.333,15107618474.667,10,0
nodeinfo,20,1.000,3.741,7024640.000,1,0,shasum,30,1.000,4.779,3911680.000,1,0,cows,30,1.000,3.320,5058560.000,1,0,209.120,189.100,14873535146.667,14838491648.000,10,0
nodeinfo,20,1.000,3.152,7000064.000,1,0,shasum,30,1.000,3.452,3826176.000,1,0,cows,40,0.999,5.166,5423104.000,1,0,155.040,162.959,14767382528.000,14810148864.000,10,0
nodeinfo,20,1.000,3.806,13613056.000,1,0,shasum,30,1.000,3.999,5861376.000,1,0,cows,40,1.000,4.570,7016448.000,1,0,171.360,162.593,14774646101.333,14808181930.667,10,0
nodeinfo,20,0.998,3.439,6127616.000,1,0,shasum,30,1.000,3.653,4497408.000,1,0,cows,40,0.999,2.554,7041024.000,1,0,174.040,173.190,14755351893.333,14782386005.333,10,0
nodeinfo,20,1.000,3.038,5316608.000,1,0,shasum,30,1.000,4.084,4528128.000,1,0,cows,50,1.000,4.669,4923392.000,1,0,166.200,174.600,14736384000.000,14775079594.667,10,0
nodeinfo,20,1.000,2.126,4366336.000,1,0,shasum,30,1.000,2.718,3141632.000,1,0,cows,50,0.999,3.851,5910528.000,1,0,183.360,167.066,14734874624.000,14769522176.000,10,0
nodeinfo,20,1.000,1.939,5013504.000,1,0,shasum,30,1.000,4.097,3719680.000,1,0,cows,50,1.000,5.283,6193152.000,1,0,172.040,172.037,14724225706.667,14778553856.000,10,0
nodeinfo,20,1.000,4.132,13049856.000,1,0,shasum,40,1.000,6.521,4160512.000,1,0,cows,0,1.000,2.504,17405952.000,1,0,172.160,157.000,14750910464.000,14777126741.333,10,0
nodeinfo,20,1.000,2.263,13651968.000,1,0,shasum,40,1.000,4.959,6152192.000,1,0,cows,0,1.000,0.095,46580224.000,1,0,152.920,128.370,14724796416.000,14736375125.333,10,0
nodeinfo,20,1.000,4.617,7061504.000,1,0,shasum,40,1.000,5.985,3186688.000,1,0,cows,0,1.000,0.095,46600704.000,1,0,143.320,165.130,14713871018.667,14777347413.333,10,0
nodeinfo,20,1.000,5.507,14000128.000,5,0,shasum,40,1.000,5.185,4745216.000,5,0,cows,10,1.000,0.991,46465536.000,5,0,155.840,137.780,14740277248.000,14739643392.000,10,0
nodeinfo,20,1.000,3.974,5677056.000,5,0,shasum,40,1.000,5.303,4825088.000,5,0,cows,10,1.000,1.193,20398592.000,5,0,160.640,157.250,14785652053.333,14786415274.667,10,0
nodeinfo,20,1.000,3.466,5578752.000,5,0,shasum,40,1.000,4.788,4687872.000,5,0,cows,10,1.000,1.170,5775360.000,5,0,158.960,164.317,14784818517.333,14800275626.667,10,0
nodeinfo,20,1.000,3.696,5304320.000,5,0,shasum,40,1.000,5.169,4390912.000,13,0,cows,20,1.000,2.421,5468160.000,5,0,156.520,164.830,14779337386.667,14818469376.000,10,0
nodeinfo,20,1.000,6.657,13810688.000,9,0,shasum,40,1.000,5.422,4300800.000,17,1,cows,20,1.000,5.167,19172864.000,9,0,166.720,156.060,14916045482.667,15028756650.667,10,1
nodeinfo,20,1.000,5.111,22369621.333,5,0,shasum,40,1.000,4.355,4008618.667,5,0,cows,20,1.000,4.031,22005760.000,5,0,192.520,181.510,15211678378.667,15184061269.333,20,0
nodeinfo,20,1.000,6.904,14199808.000,9,0,shasum,40,1.000,4.663,5174784.000,9,0,cows,30,1.000,6.813,15050752.000,9,0,186.600,163.300,14875303253.333,14953701717.333,10,0
nodeinfo,20,1.000,7.917,12864512.000,13,0,shasum,40,1.000,6.189,4544512.000,13,0,cows,30,1.000,7.880,14505472.000,13,0,176.800,168.450,15128662698.667,15248403626.667,10,0
nodeinfo,20,0.968,6.046,21066956.800,17,1,shasum,40,0.960,4.687,6051976.533,17,1,cows,30,0.968,8.373,21288004.267,17,1,226.080,306.697,15435246933.333,15600486081.422,10,1
nodeinfo,20,0.687,2.999,6262784.000,1,1,shasum,50,0.797,1.478,8731648.000,1,1,cows,0,1.000,1.237,21331968.000,1,0,741.390,440.237,15686421162.667,15326770585.600,20,1
nodeinfo,20,1.000,4.915,6262784.000,1,0,shasum,50,1.000,7.455,8937472.000,5,0,cows,0,1.000,0.469,21331968.000,1,0,227.040,190.900,15050773845.333,14971774122.667,10,0
nodeinfo,20,1.000,4.578,4071424.000,1,0,shasum,50,1.000,7.622,3493888.000,13,0,cows,0,1.000,0.117,21590016.000,1,0,167.160,160.080,14928241322.667,14991970304.000,10,0
nodeinfo,30,1.000,6.560,15858346.667,1,0,shasum,0,1.000,0.855,3841024.000,1,0,cows,0,1.000,0.130,22493866.667,1,0,178.480,139.400,14998523221.333,15009970858.667,20,0
nodeinfo,30,1.000,8.002,14143488.000,5,0,shasum,0,1.000,0.085,8772608.000,1,0,cows,0,1.000,0.121,23118848.000,1,0,137.800,115.680,14833734314.667,14830946816.000,10,0
nodeinfo,30,1.000,7.562,15810560.000,5,0,shasum,0,1.000,0.114,9480192.000,1,0,cows,0,1.000,0.106,23740928.000,1,0,93.760,99.450,14837791402.667,14852505429.333,10,0
nodeinfo,30,1.000,6.780,4108288.000,5,0,shasum,0,1.000,0.085,9610922.667,1,0,cows,10,1.000,0.736,25739605.333,5,0,129.200,130.700,14865763669.333,14856956586.667,10,0
nodeinfo,30,1.000,4.063,5566464.000,5,0,shasum,0,1.000,0.105,10485760.000,1,0,cows,10,1.000,1.200,30235136.000,5,0,126.920,122.930,14895274666.667,14879634432.000,10,0
nodeinfo,30,1.000,5.033,5951488.000,5,0,shasum,0,1.000,0.160,11810474.667,1,0,cows,10,1.000,2.947,7114752.000,5,0,117.280,121.010,14856881493.333,14848828245.333,10,0
nodeinfo,30,1.000,5.210,13725696.000,5,0,shasum,0,1.000,0.082,11969536.000,1,0,cows,20,1.000,1.643,6082560.000,5,0,128.800,126.020,14803116714.667,14830568448.000,10,0
nodeinfo,30,1.000,5.699,5447680.000,5,0,shasum,0,1.000,0.112,12579840.000,1,0,cows,20,1.000,2.825,2732032.000,5,0,127.600,168.830,14822303744.000,14893561514.667,10,0
nodeinfo,30,1.000,4.538,5681152.000,5,0,shasum,0,1.000,0.086,13671936.000,1,0,cows,20,1.000,2.962,13963264.000,5,0,138.387,130.607,14825479509.333,14837555882.667,10,0
nodeinfo,30,1.000,3.559,7417856.000,5,0,shasum,0,1.000,0.085,13739008.000,1,0,cows,30,1.000,3.667,6217728.000,5,0,133.120,126.400,14806541653.333,14832338090.667,10,0
nodeinfo,30,1.000,4.601,4820992.000,5,0,shasum,0,1.000,0.083,13746176.000,1,0,cows,30,1.000,2.963,34537472.000,5,0,129.960,134.170,14814018218.667,14839364096.000,10,0
nodeinfo,30,1.000,5.144,5038080.000,5,0,shasum,0,1.000,0.090,13774848.000,1,0,cows,30,1.000,4.656,6963200.000,5,0,129.200,131.864,14818581845.333,14840495445.333,10,0
nodeinfo,30,1.000,5.654,8310784.000,5,0,shasum,0,1.000,0.084,13827072.000,1,0,cows,40,1.000,3.983,6475776.000,5,0,128.560,135.737,14843480746.667,14835011754.667,10,0
nodeinfo,30,1.000,5.824,5758976.000,5,0,shasum,0,1.000,0.088,13905920.000,1,0,cows,40,1.000,4.885,5885952.000,5,0,127.520,144.400,14857385984.000,14843993429.333,10,0
nodeinfo,30,1.000,5.314,5562368.000,5,0,shasum,0,1.000,0.080,13544960.000,1,0,cows,40,1.000,10.982,7787861.333,17,1,172.440,196.430,14873165824.000,15006363136.000,10,1
nodeinfo,30,1.000,5.714,16125952.000,5,0,shasum,10,1.000,1.019,12982613.333,5,0,cows,0,1.000,5.610,20688896.000,1,0,172.560,143.720,15169077930.667,15076516693.333,20,0
nodeinfo,30,1.000,9.224,10461184.000,13,0,shasum,10,1.000,1.100,3850752.000,5,0,cows,0,1.000,0.106,35745280.000,1,0,136.000,145.270,14814412117.333,14907036330.667,10,0
nodeinfo,30,1.000,7.064,24470528.000,5,0,shasum,10,1.000,0.976,3244032.000,5,0,cows,0,1.000,0.115,34686634.667,1,0,168.640,187.540,15065770666.667,15056673109.333,20,0
nodeinfo,30,1.000,9.189,16841216.000,13,0,shasum,10,1.000,1.450,4208128.000,1,0,cows,10,1.000,0.739,35789312.000,1,0,143.400,160.320,14842833578.667,14951877973.333,10,0
nodeinfo,30,1.000,3.441,25027584.000,5,0,shasum,10,1.000,1.073,2633728.000,1,0,cows,10,1.000,0.926,4698112.000,1,0,193.040,185.920,15120130730.667,15140385962.667,20,0
nodeinfo,30,1.000,11.621,29675008.000,13,0,shasum,10,1.000,1.555,3058346.667,1,0,cows,10,1.000,1.543,20709376.000,1,0,167.800,185.620,14903360170.667,15056593408.000,10,0
nodeinfo,30,1.000,4.481,40532650.667,5,0,shasum,10,1.000,1.026,4397056.000,1,0,cows,20,1.000,3.180,24518656.000,5,0,175.440,183.492,15181190485.333,15145910442.667,20,0
nodeinfo,30,1.000,9.902,12805120.000,13,0,shasum,10,1.000,1.728,3748864.000,1,0,cows,20,1.000,4.394,29742421.333,1,0,202.440,191.600,14949165738.667,15111899306.667,10,0
nodeinfo,30,1.000,3.195,23678976.000,5,0,shasum,10,1.000,1.151,3350528.000,1,0,cows,20,0.995,1.804,18210816.000,1,0,198.072,178.990,15201995434.667,15135763968.000,20,0
nodeinfo,30,1.000,8.204,15750485.333,1,0,shasum,10,1.000,1.501,4224512.000,1,0,cows,30,1.000,3.016,7643136.000,1,0,164.840,185.530,14879524864.000,14975102634.667,10,0
nodeinfo,30,1.000,4.786,5758976.000,5,0,shasum,10,1.000,1.607,5640192.000,5,0,cows,30,0.999,2.723,41329152.000,5,0,189.640,171.730,14890170368.000,14909493930.667,10,0
nodeinfo,30,1.000,5.236,10117120.000,5,0,shasum,10,1.000,1.568,2883584.000,5,0,cows,30,1.000,2.881,20287488.000,5,0,160.520,155.520,14862782464.000,14894197930.667,10,0
nodeinfo,30,1.000,4.647,6758400.000,5,0,shasum,10,1.000,1.406,5246976.000,5,0,cows,40,1.000,3.238,41224192.000,5,0,155.640,163.280,14853738496.000,14905310208.000,10,0
nodeinfo,30,1.000,4.417,7393280.000,5,0,shasum,10,1.000,1.457,4196864.000,5,0,cows,40,0.999,4.144,8343552.000,5,0,166.920,160.082,14839014058.667,14871199232.000,10,0
nodeinfo,30,1.000,5.380,20307968.000,5,0,shasum,10,1.000,1.633,2727936.000,5,0,cows,40,1.000,3.250,5304320.000,5,0,169.280,161.610,14824782506.667,14862035968.000,10,0
nodeinfo,30,1.000,4.125,6254592.000,5,0,shasum,10,1.000,1.271,4315136.000,5,0,cows,50,1.000,5.929,9052160.000,5,0,160.080,164.780,14816048469.333,14853895680.000,10,0
nodeinfo,30,1.000,5.327,4997120.000,5,0,shasum,10,1.000,1.583,4259840.000,5,0,cows,50,1.000,5.187,6754304.000,5,0,176.070,160.418,14818699946.667,14851812352.000,10,0
nodeinfo,30,1.000,4.894,7581696.000,5,0,shasum,10,1.000,1.829,4208640.000,5,0,cows,50,1.000,4.584,53101568.000,5,0,169.640,164.660,14811410432.000,14861637290.667,10,0
nodeinfo,30,1.000,3.349,6877184.000,5,0,shasum,20,1.000,1.549,3905536.000,5,0,cows,0,1.000,3.988,5296128.000,1,0,165.440,161.607,14867150848.000,14859172010.667,10,0
nodeinfo,30,1.000,8.930,4812800.000,13,0,shasum,20,1.000,2.434,4444672.000,5,0,cows,0,1.000,0.067,53122560.000,1,0,139.640,143.240,14807322624.000,14888175274.667,10,0
nodeinfo,30,1.000,6.560,22104064.000,5,0,shasum,20,1.000,1.131,4540416.000,5,0,cows,0,1.000,0.103,50361856.000,1,0,177.200,172.470,15045195093.333,15056271872.000,20,0
nodeinfo,30,1.000,7.946,26245632.000,9,0,shasum,20,1.000,2.174,4422144.000,9,0,cows,10,1.000,1.372,49395200.000,5,0,156.640,142.773,14826354688.000,14878167893.333,10,0
nodeinfo,30,1.000,12.752,15328085.333,17,1,shasum,20,1.000,3.379,8109568.000,17,1,cows,10,1.000,1.546,19244373.333,5,0,161.760,178.440,15029336064.000,15158490965.333,10,1
nodeinfo,30,1.000,7.280,20054016.000,5,0,shasum,20,1.000,2.585,2998272.000,5,0,cows,10,1.000,1.376,8617984.000,1,0,219.720,283.590,15392595968.000,15324917248.000,20,0
nodeinfo,30,1.000,9.285,18998442.667,13,0,shasum,20,1.000,3.021,3006464.000,1,0,cows,20,1.000,3.806,5570560.000,1,0,254.240,239.090,14953433088.000,15073460906.667,10,0
nodeinfo,30,1.000,3.371,21475328.000,1,0,shasum,20,1.000,1.762,3691008.000,1,0,cows,20,1.000,2.022,9023488.000,1,0,209.160,208.550,15159949994.667,15096114517.333,20,0
nodeinfo,30,1.000,4.972,5632000.000,5,0,shasum,20,1.000,2.832,4215296.000,5,0,cows,20,1.000,1.627,6172672.000,5,0,162.400,156.016,14847619072.000,14904951808.000,10,0
nodeinfo,30,1.000,4.319,5287936.000,5,0,shasum,20,1.000,2.820,5718016.000,5,0,cows,30,1.000,3.389,15523840.000,5,0,161.720,160.821,14871349248.000,14905972565.333,10,0
nodeinfo,30,1.000,5.255,7655424.000,5,0,shasum,20,1.000,2.666,4534272.000,5,0,cows,30,1.000,3.341,16097280.000,5,0,165.760,170.890,14867344042.667,14915409237.333,10,0
nodeinfo,30,1.000,3.565,7131136.000,5,0,shasum,20,1.000,2.090,4306944.000,5,0,cows,30,1.000,2.658,7897088.000,5,0,169.840,159.600,14868731904.000,14900899669.333,10,0
nodeinfo,30,1.000,6.457,18948096.000,5,0,shasum,20,1.000,1.873,3717802.667,5,0,cows,40,1.000,2.321,13635584.000,5,0,164.480,162.920,14857482240.000,14896955392.000,10,0
nodeinfo,30,1.000,4.377,20928512.000,5,0,shasum,20,1.000,2.624,5042176.000,5,0,cows,40,1.000,3.718,7651328.000,5,0,167.600,168.390,14868695722.667,14895411370.667,10,0
nodeinfo,30,1.000,4.698,4476928.000,5,0,shasum,20,1.000,2.601,3272704.000,5,0,cows,40,1.000,2.875,8122368.000,5,0,173.680,163.090,14863306752.000,14887028053.333,10,0
nodeinfo,30,1.000,5.941,7139328.000,5,0,shasum,20,1.000,2.463,2977792.000,5,0,cows,50,1.000,5.697,7577600.000,5,0,177.080,178.800,14852252330.667,14862741162.667,10,0
nodeinfo,30,1.000,5.522,7696384.000,5,0,shasum,20,1.000,2.565,4263936.000,5,0,cows,50,0.999,4.597,8769536.000,5,0,168.960,174.110,14862141440.000,14867413162.667,10,0
nodeinfo,30,0.999,4.805,19193856.000,5,0,shasum,20,1.000,3.048,3766272.000,5,0,cows,50,0.999,10.093,18043392.000,13,0,176.800,184.092,14868495018.667,14966521344.000,10,0
nodeinfo,30,1.000,8.536,16786944.000,9,0,shasum,30,1.000,4.027,2973696.000,9,0,cows,0,1.000,4.789,26516138.667,1,0,202.400,185.040,15119725909.333,15183709696.000,10,0
nodeinfo,30,1.000,11.284,8938496.000,13,0,shasum,30,1.000,4.583,4876288.000,13,0,cows,0,1.000,0.086,43483648.000,1,0,171.280,152.170,15133571072.000,15157940394.667,10,0
nodeinfo,30,1.000,13.287,20572672.000,17,1,shasum,30,1.000,5.674,3355306.667,17,1,cows,0,1.000,0.102,40280064.000,1,0,173.480,178.300,15279764138.667,15377769301.333,10,1
nodeinfo,40,1.000,6.114,7102464.000,5,0,shasum,0,1.000,1.304,3392853.333,1,0,cows,0,1.000,0.112,34855936.000,1,0,147.320,308.080,15529074005.333,15386361344.000,20,0
nodeinfo,40,1.000,10.111,16089600.000,9,0,shasum,0,1.000,0.104,3837952.000,1,0,cows,0,1.000,0.099,33952256.000,1,0,196.080,147.970,14942016170.667,14914353322.667,10,0
nodeinfo,40,1.000,12.278,27364693.333,1,0,shasum,0,1.000,0.084,12398080.000,1,0,cows,0,1.000,0.110,34185045.333,1,0,147.840,131.490,14988610218.667,14996833792.000,10,0
nodeinfo,40,1.000,4.160,49285632.000,5,0,shasum,0,1.000,0.079,12372650.667,1,0,cows,10,1.000,0.875,35078656.000,5,0,121.850,103.620,14820033331.200,14844775424.000,10,0
nodeinfo,40,1.000,6.217,7213056.000,5,0,shasum,0,1.000,0.088,12353536.000,1,0,cows,10,1.000,0.810,5873664.000,5,0,115.680,125.710,14857702058.667,14878655317.333,10,0
nodeinfo,40,1.000,5.652,5500928.000,5,0,shasum,0,1.000,0.116,12353536.000,1,0,cows,10,1.000,1.805,7012352.000,5,0,121.720,120.450,14861820586.667,14862271317.333,10,0
nodeinfo,40,1.000,6.054,6012928.000,5,0,shasum,0,1.000,0.079,12353536.000,1,0,cows,20,1.000,1.448,40109056.000,5,0,135.040,134.340,14813726720.000,14835520170.667,10,0
nodeinfo,40,1.000,5.936,3289088.000,5,0,shasum,0,1.000,0.133,12781568.000,1,0,cows,20,1.000,2.891,12873728.000,5,0,142.920,174.860,14820805973.333,14900950186.667,10,0
nodeinfo,40,1.000,7.974,13215744.000,5,0,shasum,0,1.000,0.143,14571008.000,1,0,cows,20,1.000,3.931,40020309.333,5,0,153.600,130.310,14851676842.667,14859159210.667,10,0
nodeinfo,40,1.000,6.791,5521408.000,5,0,shasum,0,1.000,0.071,14819328.000,1,0,cows,30,1.000,3.857,39794005.333,5,0,140.920,134.730,14835386368.000,14860210346.667,10,0
nodeinfo,40,1.000,6.892,4861952.000,5,0,shasum,0,1.000,0.089,14852778.667,1,0,cows,30,1.000,2.784,5689344.000,5,0,125.080,140.769,14868250624.000,14868675413.333,10,0
nodeinfo,40,1.000,4.995,7028736.000,5,0,shasum,0,1.000,0.085,15077376.000,1,0,cows,30,1.000,4.314,6422528.000,5,0,135.600,142.710,14867069610.667,14853642410.667,10,0
nodeinfo,40,1.000,6.143,7663616.000,5,0,shasum,0,1.000,0.102,15106048.000,1,0,cows,40,0.999,3.290,5066752.000,5,0,145.640,147.970,14867062101.333,14857430186.667,10,0
nodeinfo,40,1.000,11.703,17415680.000,9,0,shasum,0,1.000,0.089,15106048.000,1,0,cows,40,1.000,6.361,16830976.000,9,0,134.480,136.240,14875639808.000,14962545834.667,10,0
nodeinfo,40,1.000,13.409,16327680.000,13,0,shasum,0,1.000,0.083,13223936.000,1,0,cows,40,1.000,9.376,24632320.000,13,0,198.880,197.550,15132476074.667,15342367744.000,10,0
nodeinfo,40,0.422,4.968,22028288.000,1,1,shasum,0,1.000,0.163,11069667.556,1,0,cows,50,0.415,5.979,10698752.000,1,1,198.200,561.041,15520064853.333,15705524821.333,20,1
nodeinfo,40,1.000,5.833,4501504.000,5,0,shasum,0,1.000,0.145,13322240.000,1,0,cows,50,1.000,4.549,16101376.000,5,0,610.943,348.231,15280102400.000,15063533482.667,10,0
nodeinfo,40,0.999,7.367,6955008.000,5,0,shasum,0,1.000,0.083,6969856.000,1,0,cows,50,1.000,4.326,14041088.000,5,0,180.720,167.103,14894786560.000,14912571562.667,10,0
nodeinfo,40,1.000,5.904,8728576.000,5,0,shasum,10,1.000,0.588,8890880.000,5,0,cows,0,1.000,3.246,18010112.000,1,0,163.600,135.410,14883463168.000,14907470336.000,10,0
nodeinfo,40,1.000,6.151,5713920.000,5,0,shasum,10,1.000,1.533,3698688.000,5,0,cows,0,1.000,0.105,58318677.333,1,0,125.240,126.040,14876396885.333,14911467178.667,10,0
nodeinfo,40,1.000,4.385,5455872.000,5,0,shasum,10,1.000,1.214,2936832.000,5,0,cows,0,1.000,0.112,58166613.333,1,0,134.400,156.810,14903344469.333,14963305813.333,10,0
nodeinfo,40,1.000,6.355,6262784.000,5,0,shasum,10,1.000,1.452,4030464.000,5,0,cows,10,1.000,0.929,58454528.000,5,0,161.000,134.480,14942387541.333,14939991210.667,10,0
nodeinfo,40,1.000,5.289,19165184.000,5,0,shasum,10,1.000,1.242,3604480.000,5,0,cows,10,1.000,1.405,20164608.000,5,0,152.320,156.240,14982464170.667,14982984533.333,10,0
nodeinfo,40,1.000,11.762,7936682.667,13,0,shasum,10,1.000,1.668,3928064.000,5,0,cows,10,0.997,1.057,59882666.667,5,0,152.600,167.420,14960024917.333,15029474645.333,10,0
nodeinfo,40,1.000,13.368,5201920.000,20,1,shasum,10,1.000,1.664,3014656.000,5,0,cows,20,1.000,2.324,6713344.000,5,0,188.800,187.870,15171682304.000,15270666069.333,10,1
nodeinfo,40,0.992,5.550,19539968.000,5,0,shasum,10,1.000,1.475,3031040.000,1,0,cows,20,0.998,3.541,3874816.000,5,0,211.080,280.750,15433234432.000,15350619136.000,20,0
nodeinfo,40,1.000,10.691,15327744.000,13,0,shasum,10,1.000,1.232,3067904.000,1,0,cows,20,1.000,4.163,20045824.000,1,0,215.440,215.620,14990482090.667,15171104085.333,10,0
nodeinfo,40,1.000,5.886,23579648.000,5,0,shasum,10,1.000,1.130,4851200.000,1,0,cows,30,1.000,3.430,5595136.000,1,0,207.040,184.170,15265644544.000,15238933674.667,20,0
nodeinfo,40,1.000,8.672,20135936.000,5,0,shasum,10,1.000,1.700,3346432.000,5,0,cows,30,1.000,2.319,10883072.000,5,0,196.480,189.410,15005592234.667,15095936512.000,10,0
nodeinfo,40,1.000,5.035,5435392.000,5,0,shasum,10,1.000,1.424,4247552.000,5,0,cows,30,1.000,2.682,42583552.000,5,0,164.760,163.790,14996737365.333,15031729664.000,10,0
nodeinfo,40,1.000,6.368,14041088.000,5,0,shasum,10,1.000,1.263,3763200.000,5,0,cows,40,1.000,2.394,5550080.000,5,0,165.000,163.960,14992466602.667,15032756394.667,10,0
nodeinfo,40,1.000,5.897,7131136.000,1,0,shasum,10,1.000,1.166,3864576.000,1,0,cows,40,0.999,4.208,20209664.000,1,0,179.760,181.090,14997161984.000,15043586730.667,10,0
nodeinfo,40,1.000,3.443,7610368.000,5,0,shasum,10,1.000,1.677,5267456.000,5,0,cows,40,1.000,3.287,45439317.333,5,0,201.400,215.120,14995314005.333,15044152661.333,10,0
nodeinfo,40,1.000,6.877,51974656.000,5,0,shasum,10,1.000,1.532,3727360.000,5,0,cows,50,1.000,4.290,11173888.000,5,0,219.960,214.340,15010322432.000,15034856448.000,10,0
nodeinfo,40,1.000,6.210,20258816.000,5,0,shasum,10,1.000,0.975,3346432.000,5,0,cows,50,1.000,4.846,9269248.000,5,0,163.960,179.260,15020787712.000,15030964565.333,10,0
nodeinfo,40,1.000,12.730,9878186.667,9,0,shasum,10,1.000,1.359,3284992.000,1,0,cows,50,0.999,10.843,9688064.000,9,0,246.560,228.340,15030870016.000,15175817728.000,10,0
nodeinfo,40,1.000,13.342,11268096.000,17,1,shasum,20,1.000,2.533,3172352.000,9,0,cows,0,1.000,2.663,19624163.556,1,0,185.720,230.590,15390352042.667,15487089834.667,10,1
nodeinfo,40,1.000,6.660,21176320.000,5,0,shasum,20,1.000,2.338,6971392.000,1,0,cows,0,1.000,0.102,38811306.667,1,0,211.800,143.983,15492068693.333,15298132992.000,20,0
nodeinfo,40,1.000,14.112,11300864.000,17,1,shasum,20,1.000,3.064,4151296.000,5,0,cows,0,1.000,0.092,39141546.667,1,0,187.120,174.820,15000976042.667,15107289600.000,10,1
nodeinfo,50,1.000,5.686,21323093.333,5,0,shasum,0,1.000,0.202,3463680.000,1,0,cows,0,1.000,0.099,38264832.000,1,0,165.680,131.600,15298052096.000,15130136405.333,20,0
nodeinfo,50,1.000,7.210,14405632.000,5,0,shasum,0,1.000,0.082,14618624.000,1,0,cows,0,1.000,0.103,38605824.000,1,0,106.360,106.720,14943417685.333,14946763605.333,10,0
nodeinfo,50,0.999,9.563,14305280.000,5,0,shasum,0,1.000,0.103,14649344.000,1,0,cows,0,1.000,0.105,38610944.000,1,0,102.880,126.990,14937728341.333,14967981056.000,10,0
nodeinfo,50,1.000,6.379,15502848.000,5,0,shasum,0,1.000,0.069,14700544.000,1,0,cows,10,1.000,0.721,39557632.000,5,0,113.280,109.320,14925772800.000,14932915029.333,10,0
nodeinfo,50,1.000,8.501,5869568.000,5,0,shasum,0,1.000,0.087,14700544.000,1,0,cows,10,1.000,1.932,7098368.000,5,0,133.520,133.450,14947418112.000,14974599168.000,10,0
nodeinfo,50,1.000,8.361,6041600.000,5,0,shasum,0,1.000,0.099,14713856.000,1,0,cows,10,1.000,1.856,42806272.000,5,0,128.120,133.820,14956023808.000,14973337770.667,10,0
nodeinfo,50,1.000,8.035,5107712.000,5,0,shasum,0,1.000,0.079,14807040.000,1,0,cows,20,1.000,1.925,14203904.000,5,0,138.600,142.160,14939160576.000,14952639488.000,10,0
nodeinfo,50,1.000,7.852,4845568.000,5,0,shasum,0,1.000,0.084,14091776.000,1,0,cows,20,1.000,2.015,5103616.000,5,0,197.712,232.067,14914210474.667,15029278720.000,10,0
nodeinfo,50,1.000,9.185,5238784.000,5,0,shasum,0,1.000,0.098,12683776.000,1,0,cows,20,1.000,1.704,7667712.000,5,0,240.280,225.360,14970864298.667,15041079978.667,10,0
nodeinfo,50,1.000,8.095,5079040.000,5,0,shasum,0,1.000,0.087,13241344.000,1,0,cows,30,1.000,3.434,43243178.667,5,0,160.480,142.140,15053503829.333,14951925589.333,10,0
nodeinfo,50,1.000,8.545,15463765.333,5,0,shasum,0,1.000,0.078,13299712.000,1,0,cows,30,1.000,4.137,5427200.000,5,0,144.400,146.340,14940770986.667,14928667136.000,10,0
nodeinfo,50,1.000,10.925,10195626.667,13,0,shasum,0,1.000,0.090,13229909.333,1,0,cows,30,1.000,4.051,4919296.000,5,0,133.280,158.260,14940116992.000,15018790912.000,10,0
nodeinfo,50,1.000,13.218,23785984.000,17,1,shasum,0,1.000,0.104,12973738.667,1,0,cows,40,1.000,6.011,9621504.000,9,0,162.920,177.230,15146457770.667,15257954645.333,10,1
nodeinfo,50,0.968,6.643,23653376.000,5,0,shasum,0,1.000,0.131,12969472.000,1,0,cows,40,0.927,4.367,3653632.000,5,0,154.240,321.200,15474327552.000,15464171008.000,20,0
nodeinfo,50,1.000,11.674,30957568.000,9,0,shasum,0,1.000,0.092,13484544.000,1,0,cows,40,1.000,7.703,16711680.000,9,0,242.920,196.230,15062751914.667,15048037034.667,10,0
nodeinfo,50,1.000,14.333,19241472.000,13,0,shasum,0,1.000,0.083,13214208.000,1,0,cows,50,1.000,9.636,12235776.000,13,0,166.520,176.603,15170866517.333,15295029418.667,10,0
nodeinfo,50,0.453,8.819,25541290.667,17,1,shasum,0,1.000,0.072,11590144.000,1,0,cows,50,0.455,6.865,22314496.000,17,1,183.160,321.759,15522417322.667,15552563285.333,10,1
nodeinfo,50,0.923,5.489,20054016.000,1,0,shasum,0,1.000,0.154,3072000.000,1,0,cows,50,0.931,3.548,6455296.000,1,0,616.184,385.997,15272574976.000,15057830195.200,10,0
nodeinfo,50,1.000,11.238,5394432.000,9,0,shasum,10,1.000,0.924,8263680.000,1,0,cows,0,1.000,2.443,7262208.000,1,0,193.360,174.870,14834583552.000,14904107690.667,10,0
nodeinfo,50,1.000,15.340,20282026.667,17,1,shasum,10,1.000,1.706,4065280.000,1,0,cows,0,1.000,0.131,67631104.000,1,0,173.400,168.350,14998373034.667,15113472341.333,10,1
nodeinfo,50,1.000,9.628,23769088.000,5,0,shasum,10,1.000,1.369,2928640.000,1,0,cows,0,1.000,0.323,55213568.000,1,0,178.680,187.640,15270279850.667,15184453632.000,20,0
nodeinfo,50,1.000,12.613,15963648.000,13,0,shasum,10,1.000,1.370,3733504.000,1,0,cows,10,1.000,0.821,52608512.000,1,0,178.480,172.400,14881982464.000,15000981162.667,10,0
nodeinfo,50,1.000,7.950,25479850.667,5,0,shasum,10,1.000,1.222,3305472.000,1,0,cows,10,1.000,1.400,7135232.000,1,0,185.720,176.340,15164902741.333,15144697173.333,20,0
nodeinfo,50,1.000,10.923,16934400.000,1,0,shasum,10,1.000,1.315,4150272.000,1,0,cows,10,1.000,1.797,19847168.000,1,0,185.920,181.830,14917582848.000,15016728064.000,10,0
nodeinfo,50,1.000,3.628,7684096.000,5,0,shasum,10,1.000,1.584,3875328.000,5,0,cows,20,1.000,2.569,15065088.000,5,0,176.205,173.001,14917577386.667,14958069418.667,10,0
nodeinfo,50,1.000,8.787,7405568.000,5,0,shasum,10,1.000,1.454,4968448.000,5,0,cows,20,1.000,3.283,6090752.000,5,0,163.080,163.870,14906393941.333,14939706368.000,10,0
nodeinfo,50,1.000,5.796,5910528.000,5,0,shasum,10,1.000,1.319,4043776.000,5,0,cows,20,1.000,3.031,19804160.000,5,0,167.160,161.263,14900195328.000,14934027776.000,10,0
nodeinfo,50,1.000,8.410,6385664.000,5,0,shasum,10,1.000,1.514,4939776.000,5,0,cows,30,1.000,1.972,4804608.000,5,0,159.520,164.563,14894630912.000,14936602965.333,10,0
nodeinfo,50,1.000,7.620,6287360.000,5,0,shasum,10,1.000,1.823,3995648.000,5,0,cows,30,1.000,3.245,7979008.000,5,0,173.640,168.110,14894339413.333,14935970304.000,10,0
nodeinfo,50,1.000,7.837,5586944.000,5,0,shasum,10,1.000,1.534,3873280.000,5,0,cows,30,1.000,4.254,17076224.000,5,0,172.720,162.520,14896087722.667,14932576426.667,10,0
nodeinfo,50,1.000,6.294,7979008.000,5,0,shasum,10,1.000,1.472,5038080.000,5,0,cows,40,1.000,3.366,5357568.000,5,0,170.880,164.660,14878274218.667,14922662741.333,10,0
nodeinfo,50,1.000,7.834,3260416.000,5,0,shasum,10,1.000,1.133,2760704.000,5,0,cows,40,1.000,3.745,6524928.000,5,0,175.240,170.823,14886582272.000,14918909269.333,10,0
nodeinfo,50,1.000,10.076,7307264.000,5,0,shasum,10,1.000,1.505,3987456.000,5,0,cows,40,1.000,3.997,7217152.000,5,0,170.550,169.277,14917918037.333,14917031936.000,10,0
nodeinfo,50,1.000,8.280,16261120.000,5,0,shasum,10,1.000,1.791,3913728.000,5,0,cows,50,1.000,4.245,6062080.000,5,0,168.800,173.650,14933342890.667,14918477312.000,10,0
nodeinfo,50,1.000,11.978,5410816.000,13,0,shasum,10,1.000,1.657,3717120.000,5,0,cows,50,1.000,8.007,7327744.000,13,0,174.160,198.220,14887873194.667,15072379562.667,10,0
nodeinfo,50,0.517,7.672,23201109.333,17,1,shasum,10,0.517,0.836,2584576.000,1,1,cows,50,0.517,7.057,5513216.000,17,1,229.280,334.844,15415171754.667,15499272328.533,10,1
nodeinfo,50,1.000,8.051,5660672.000,5,0,shasum,20,1.000,1.467,2162688.000,5,0,cows,0,1.000,0.878,19909290.667,1,0,632.914,432.381,15474553856.000,15261785612.190,10,1
nodeinfo,50,1.000,11.551,5660672.000,9,0,shasum,20,1.000,3.270,7471104.000,9,0,cows,0,1.000,0.126,32571904.000,1,0,179.920,169.080,14848956416.000,14931639296.000,10,0
nodeinfo,50,1.000,12.059,28818432.000,13,0,shasum,20,1.000,2.987,11697152.000,13,0,cows,0,1.000,0.101,32901120.000,1,0,160.120,144.410,15104004096.000,15166358698.667,10,0
nodeinfo,50,1.000,11.753,27974656.000,20,1,shasum,20,1.000,3.551,11671552.000,20,1,cows,10,1.000,0.370,33206272.000,5,0,160.720,199.886,15318095872.000,15430354227.200,10,1
