function_figlet,rate_function_figlet,success_rate_function_figlet,cpu_usage_function_figlet,ram_usage_function_figlet,power_usage_function_figlet,replica_figlet,overloaded_function_figlet,medium_latency_function_figlet,function_shasum,rate_function_shasum,success_rate_function_shasum,cpu_usage_function_shasum,ram_usage_function_shasum,power_usage_function_shasum,replica_shasum,overloaded_function_shasum,medium_latency_function_shasum,function_nmap,rate_function_nmap,success_rate_function_nmap,cpu_usage_function_nmap,ram_usage_function_nmap,power_usage_function_nmap,replica_nmap,overloaded_function_nmap,medium_latency_function_nmap,cpu_usage_idle_node,cpu_usage_node,ram_usage_idle_node,ram_usage_node,ram_usage_idle_node_percentage,ram_usage_node_percentage,power_usage_idle_node,power_usage_node,rest_seconds,overloaded_node
figlet,50,1.000,8.064,3908608.000,4186.760,1,0,8293839,shasum,0,1.000,0.071,1865728.000,78.928,1,0,0,nmap,0,1.000,0.053,1877504.000,52.985,1,0,0,76.200,92.600,5213020160.000,5236500992.000,32.113,32.256,243223.000,409079.000,10,0
figlet,50,1.000,9.452,6444032.000,5571.298,2,0,10212114,shasum,0,1.000,0.067,2081621.333,67.525,1,0,0,nmap,0,1.000,0.053,2078890.667,81.951,1,0,0,75.467,105.167,5267113984.000,5272074752.000,32.444,32.473,269317.000,467176.875,30,0
figlet,50,1.000,10.587,1916928.000,6054.604,1,0,9388607,shasum,0,1.000,0.043,2392064.000,60.366,1,0,0,nmap,0,1.000,0.054,2385237.333,80.559,1,0,0,76.400,108.500,4724471808.000,4738343936.000,29.209,29.291,282295.000,464233.125,55,0
figlet,50,1.000,6.974,6619136.000,7215.647,1,0,7873853,shasum,0,1.000,0.045,2575018.667,74.466,1,0,0,nmap,10,1.000,51.578,7210154.667,2999.554,1,0,129186328,77.267,142.949,4736180224.000,4741531136.000,29.279,29.313,290565.000,733567.250,30,0
figlet,50,1.000,6.497,6607360.000,6836.593,2,0,7929788,shasum,0,1.000,0.047,2753194.667,119.051,1,0,0,nmap,10,1.000,51.030,10258432.000,2880.580,2,0,129060709,83.667,137.733,4716419072.000,4746787328.000,29.168,29.350,305988.000,814256.500,30,0
figlet,50,1.000,7.147,6655419.733,8495.736,1,0,7941000,shasum,0,1.000,0.043,3080396.800,114.536,1,0,0,nmap,10,1.000,56.968,1840469.333,3650.256,1,0,141111764,53.867,133.767,4749123584.000,4749922304.000,29.367,29.372,310818.000,835996.875,65,0
figlet,50,1.000,7.022,6649514.667,12569.016,1,0,12125340,shasum,0,1.000,0.048,3288234.667,54.141,1,0,0,nmap,20,1.000,113.189,1775018.667,10631.175,1,0,170303609,75.200,211.367,4789716992.000,4807491072.000,29.609,29.719,299896.000,1185788.375,35,0
figlet,50,1.000,6.676,6655317.333,10117.539,2,0,12298946,shasum,0,1.000,0.043,3471018.667,95.250,1,0,0,nmap,20,1.000,108.116,15838890.667,8651.967,1,0,176881119,78.533,198.750,4766377984.000,4784417280.000,29.472,29.584,298099.000,1135676.625,30,0
figlet,50,1.000,6.379,6765436.343,8452.214,2,0,12372399,shasum,0,1.000,0.040,3693841.067,148.991,1,0,0,nmap,20,1.000,107.317,13969798.095,7076.879,2,0,195133401,71.067,184.783,4817651712.000,4837043200.000,29.782,29.899,246796.000,874526.750,45,0
figlet,50,1.000,6.316,1772066.133,9959.941,2,0,17756005,shasum,0,1.000,0.041,3901440.000,18.364,1,0,0,nmap,30,1.000,141.717,1839718.400,11551.148,1,0,2672972875,71.333,253.017,4805539840.000,4994315776.000,29.712,30.847,287503.000,1335151.375,31,0
figlet,50,1.000,6.694,1835008.000,13843.965,2,0,16159841,shasum,0,1.000,0.055,4191402.667,164.918,1,0,0,nmap,30,1.000,148.924,131368618.667,15584.640,2,0,3072553406,80.933,254.479,4845920256.000,4997501952.000,29.985,30.892,276504.000,1367919.500,50,0
figlet,50,1.000,6.528,6817109.333,14139.680,1,0,17191009,shasum,0,1.000,0.048,4414976.000,115.100,1,0,0,nmap,30,1.000,150.349,117813418.667,16526.884,2,0,2346398287,82.785,250.830,4866676736.000,5044232192.000,30.112,31.175,278636.000,1426009.375,40,0
figlet,50,1.000,7.058,6816988.404,11389.939,2,0,20336279,shasum,0,1.000,0.036,4628417.585,113.601,1,0,0,nmap,40,1.000,145.955,160207686.705,14099.744,3,0,12535947592,76.600,267.587,4861208576.000,5252050124.800,30.085,32.428,308277.000,1508820.200,35,0
figlet,50,1.000,7.222,6770824.533,18740.571,2,0,21125355,shasum,0,1.000,0.042,4924757.333,145.656,1,0,0,nmap,40,1.000,155.939,190585514.667,20503.027,2,0,11510978433,76.400,282.187,5038946304.000,5375540019.200,31.193,33.207,303750.000,1676075.500,45,0
figlet,50,1.000,6.687,6459392.000,14638.059,2,0,20212078,shasum,0,1.000,0.042,4961309.257,236.788,1,0,0,nmap,40,1.000,142.879,1798371.556,17224.794,2,0,11057085102,77.733,255.720,4989657088.000,5296909107.200,30.868,32.739,304004.000,1503806.800,45,0
figlet,50,1.000,6.134,6773906.286,18549.179,1,0,30052216,shasum,0,1.000,0.061,4150710.857,287.689,1,0,0,nmap,50,0.766,176.129,218860495.238,30274.832,3,1,21839160765,80.267,309.771,4983425024.000,5553001325.714,30.921,34.311,301257.000,2320804.071,40,1
figlet,50,1.000,6.000,6777768.229,16896.145,2,0,24659115,shasum,0,1.000,0.052,3038173.170,242.910,1,0,0,nmap,50,0.929,166.125,236879872.000,26077.475,3,0,20468948153,77.867,291.219,4592982016.000,5255896210.286,28.518,32.526,203709.000,1968929.214,70,0
figlet,50,1.000,6.485,6652586.667,19377.397,1,0,25928029,shasum,0,1.000,0.044,3005098.667,198.318,1,0,0,nmap,50,0.987,166.087,1558528.000,25640.748,3,0,19466033596,82.803,301.323,4768178176.000,5356256256.000,29.606,33.144,298598.000,2144803.583,30,0
figlet,50,1.000,6.141,6880597.333,17756.750,1,0,168795148,shasum,0,1.000,0.037,2994273.524,217.457,1,0,0,nmap,60,0.352,159.951,1886293.333,27986.652,3,1,25139198790,77.200,311.724,4696141824.000,5504930962.286,29.226,34.048,280546.000,2339675.929,30,1
figlet,50,1.000,6.192,6908099.048,16651.984,3,0,40246477,shasum,0,1.000,0.043,2933702.879,143.097,1,0,0,nmap,60,0.493,162.290,1548288.000,27625.110,3,1,24725238049,78.067,320.524,4663973888.000,5478071149.714,28.972,33.887,284164.000,2097297.429,60,1
figlet,50,1.000,5.959,6745624.381,16166.814,2,0,54532970,shasum,0,1.000,0.045,2889728.000,183.655,1,0,0,nmap,60,0.478,167.554,1901363.200,28149.157,2,1,24564103714,80.800,306.010,4452231168.000,5288948882.286,27.743,32.786,310502.000,2371693.571,40,1
figlet,50,1.000,9.751,6768128.000,5341.086,1,0,9045721,shasum,10,1.000,1.376,3906389.333,1056.163,1,0,9245918,nmap,0,1.000,0.060,65957034.667,49.069,1,0,0,74.867,104.200,4486651904.000,4461634048.000,27.925,27.768,273154.000,460488.500,55,0
figlet,50,1.000,10.161,1740800.000,5680.912,1,0,9492073,shasum,10,1.000,1.418,1732608.000,1029.252,1,0,8707725,nmap,0,1.000,0.582,65851904.000,1443.402,1,0,0,81.600,108.183,4066639872.000,4079432192.000,25.623,25.710,267070.000,467017.500,45,0
figlet,50,1.000,9.309,7014400.000,4913.247,1,0,8908176,shasum,10,1.000,1.366,1634304.000,1007.275,2,0,8679548,nmap,0,1.000,0.289,65839616.000,482.979,1,0,0,73.400,105.783,4063121408.000,4082785280.000,25.616,25.743,280363.000,450466.375,45,0
figlet,50,1.000,7.064,1843200.000,4235.579,1,0,8138670,shasum,10,1.000,0.889,6161408.000,884.669,1,0,7470716,nmap,10,1.000,49.351,68337415.314,1812.696,1,0,129168659,80.933,151.317,4086208512.000,4099843072.000,25.831,25.916,311725.000,523777.125,35,0
figlet,50,1.000,7.070,7010474.667,7601.800,1,0,11685044,shasum,10,1.000,1.013,6270805.333,1502.301,1,0,8388386,nmap,10,1.000,54.205,1789952.000,3428.537,1,0,144483622,74.667,150.600,4080945152.000,4096262144.000,25.805,25.898,274991.000,749692.125,65,0
figlet,50,1.000,6.645,1822264.889,7545.096,1,0,8163100,shasum,10,1.000,0.954,1757752.889,1494.489,1,0,7209044,nmap,10,1.000,52.988,68400981.333,3312.378,1,0,138595946,81.333,150.043,4132972544.000,4148674560.000,26.115,26.210,308788.000,927547.500,30,0
figlet,50,1.000,6.476,7039244.190,9890.672,2,0,15415367,shasum,10,1.000,0.942,6278519.467,2018.033,2,0,11739818,nmap,20,1.000,96.604,1935445.333,9154.949,2,0,214041714,81.200,191.287,4118466560.000,4121076224.000,26.028,26.046,299106.000,1034899.375,45,0
figlet,50,1.000,7.238,7011669.333,11945.903,1,0,12538650,shasum,10,1.000,1.013,6333269.333,2511.394,1,0,11111903,nmap,20,1.000,117.169,1812992.000,10686.447,1,0,191059108,80.667,203.333,4128649216.000,4139707392.000,26.064,26.119,278805.000,1200668.375,65,0
figlet,50,1.000,6.670,7050752.000,8926.007,1,0,11940392,shasum,10,1.000,0.927,6338048.000,1679.983,1,0,11003061,nmap,20,1.000,106.632,1829319.111,7789.108,1,0,171205052,79.733,192.367,4143048704.000,4161664000.000,26.126,26.237,226509.000,847291.000,45,0
figlet,50,1.000,5.862,7013034.667,9526.705,2,0,18051168,shasum,10,1.000,0.908,6359210.667,2126.541,2,0,15487117,nmap,30,1.000,121.384,166001834.667,10159.355,2,0,4487333606,78.133,219.267,4163575808.000,4361262080.000,26.247,27.431,309222.000,1099141.375,50,0
figlet,50,1.000,6.549,6999552.000,12886.312,2,0,17047153,shasum,10,1.000,0.935,6363989.333,2745.420,2,0,14643173,nmap,30,1.000,137.857,1850709.333,14029.192,2,0,4234007494,84.533,242.983,4233015296.000,4381137920.000,26.674,27.557,302277.000,1317399.375,65,0
figlet,50,1.000,5.957,1712128.000,11588.064,2,0,17384678,shasum,10,1.000,0.839,6412800.000,2285.774,2,0,14534187,nmap,30,1.000,133.996,1809373.867,13344.333,2,0,2832141624,78.867,222.400,4237459456.000,4398633984.000,26.699,27.661,303442.000,1289643.625,40,0
figlet,50,1.000,6.418,7113464.686,13586.201,2,0,16541274,shasum,10,1.000,0.973,6439582.964,2781.684,2,0,13306866,nmap,40,1.000,158.942,217510024.533,16638.196,3,0,9618676218,79.867,288.253,4259287040.000,4662837248.000,26.825,29.243,303927.000,1290014.000,80,0
figlet,50,1.000,6.812,7040341.333,17286.853,2,0,17583197,shasum,10,1.000,0.988,1421312.000,3555.044,2,0,14966094,nmap,40,1.000,172.311,214858137.600,21812.885,3,0,9083652685,81.333,278.067,4332234752.000,4619077222.400,27.286,28.999,287423.000,1655011.000,45,0
figlet,50,1.000,6.753,1499136.000,17313.786,2,0,18387754,shasum,10,1.000,0.955,1581056.000,3610.620,2,0,15360896,nmap,40,1.000,160.944,1409024.000,20066.819,3,0,10103888790,74.533,269.707,4324210688.000,4641121894.400,27.248,29.136,287934.000,1864009.800,30,0
figlet,50,1.000,6.337,1675264.000,17312.482,3,0,18870833,shasum,10,1.000,0.878,1527978.667,3818.521,2,0,16759192,nmap,50,1.000,172.939,1763437.227,24819.464,3,0,16590811197,82.867,277.322,4365780992.000,4890174464.000,27.501,30.636,311912.000,2118442.833,30,0
figlet,50,1.000,6.305,7092679.111,15574.599,1,0,17901901,shasum,10,1.000,0.928,6498190.222,3227.863,1,0,15237192,nmap,50,1.000,174.405,1505962.667,24895.152,3,0,16580301429,79.400,281.378,4445390848.000,4964543488.000,27.994,31.090,311345.000,1928277.500,40,0
figlet,50,1.000,6.203,7045688.889,17196.917,1,0,18507323,shasum,10,1.000,0.937,6501262.222,3583.713,1,0,16271967,nmap,50,1.000,182.962,1581738.667,27764.192,3,0,16511110841,79.467,287.378,4518922240.000,5040235861.333,28.431,31.544,312697.000,1994675.417,45,0
figlet,50,1.000,5.997,6901077.333,15776.060,1,0,248592292,shasum,10,1.000,0.849,1359143.822,3263.547,1,0,155137151,nmap,60,0.408,163.982,1887391.289,28218.234,3,1,24000509919,75.000,295.867,4635852800.000,5326534070.857,29.138,33.164,277692.000,2386769.143,25,1
figlet,50,1.000,5.730,1485710.222,17551.970,2,0,22007415,shasum,10,1.000,0.822,6054765.714,3590.302,2,0,20319946,nmap,60,0.636,190.817,1410275.556,32172.853,3,1,22482808564,72.733,308.924,4517404672.000,5340892306.286,28.037,33.012,290073.000,2273038.286,55,1
figlet,50,1.000,5.791,1599351.467,15186.948,3,0,164507483,shasum,10,1.000,0.832,6218118.095,3227.681,1,0,150293676,nmap,60,0.483,164.891,1511424.000,26059.802,4,1,23384859742,81.933,294.362,4606218240.000,5261548982.857,28.619,32.572,197621.000,1980613.500,45,1
figlet,50,1.000,9.845,7095296.000,5792.524,1,0,9748562,shasum,20,1.000,2.740,6175914.667,2202.601,1,0,9313463,nmap,0,1.000,0.594,57150976.000,627.697,1,0,0,70.467,112.875,4494481408.000,4460642304.000,27.943,27.758,253486.000,466023.250,70,0
figlet,50,1.000,9.242,1765376.000,4849.930,2,0,9057937,shasum,20,1.000,2.523,1777664.000,1828.892,2,0,8145579,nmap,0,1.000,0.070,57061034.667,92.834,1,0,0,77.333,108.733,4193116160.000,4203896320.000,26.265,26.330,284202.000,460155.500,45,0
figlet,50,1.000,9.459,7174417.067,6237.280,1,0,8546647,shasum,20,1.000,2.208,6538644.724,2359.089,1,0,7668257,nmap,0,1.000,0.351,56224426.667,932.719,1,0,0,82.667,109.967,4226428928.000,4223208448.000,26.590,26.571,269917.000,529228.875,55,0
figlet,50,1.000,7.248,1765148.444,9463.200,1,0,8329317,shasum,20,1.000,1.952,6541141.333,3530.104,1,0,8111147,nmap,10,1.000,57.093,59816448.000,4175.070,1,0,149290591,76.800,159.617,4217458688.000,4227820032.000,26.535,26.601,307721.000,920714.250,30,0
figlet,50,1.000,6.855,7176533.333,6490.798,1,0,8494625,shasum,20,1.000,1.847,1732608.000,2490.843,1,0,8102960,nmap,10,1.000,50.936,59009194.667,2861.982,2,0,131397886,74.467,146.481,4222291968.000,4231075328.000,26.568,26.621,276943.000,719724.625,45,0
figlet,50,1.000,7.335,7314602.667,8400.239,1,0,7891010,shasum,20,1.000,1.992,6560938.667,3276.949,1,0,7630603,nmap,10,1.000,55.919,1822720.000,3707.119,1,0,136470782,76.333,156.024,4215398400.000,4228194816.000,26.526,26.604,283377.000,781157.000,70,0
figlet,50,1.000,6.620,1769472.000,10275.282,1,0,14124436,shasum,20,1.000,1.819,6581077.333,4196.974,1,0,11233790,nmap,20,1.000,105.054,66002773.333,9155.892,1,0,204875497,77.867,194.733,4230037504.000,4253309952.000,26.613,26.754,304025.000,953778.750,55,0
figlet,50,1.000,6.368,1728512.000,10081.894,2,0,13448383,shasum,20,1.000,1.821,6574470.095,3822.571,2,0,11680256,nmap,20,1.000,98.943,1807246.222,8865.017,2,0,186917233,80.933,185.135,4239765504.000,4251558400.000,26.672,26.743,280585.000,1048624.000,50,0
figlet,50,1.000,6.662,7259574.857,13634.722,1,0,12246725,shasum,20,1.000,1.996,6587733.333,5062.249,1,0,11255870,nmap,20,1.000,119.338,1918634.667,11923.375,1,0,194589084,75.933,211.350,4215040000.000,4265508864.000,26.523,26.825,312808.000,1431655.750,34,0
figlet,50,1.000,6.237,7226538.667,10726.008,2,0,15508098,shasum,20,1.000,1.698,6581760.000,4306.829,2,0,13824468,nmap,30,1.000,141.443,1829273.600,12147.772,2,0,3065503709,72.933,237.733,4220028928.000,4372986880.000,26.551,27.468,267112.000,1175651.000,50,0
figlet,50,1.000,5.866,7194282.667,9539.277,2,0,17328962,shasum,20,1.000,1.538,6594355.200,3861.204,2,0,14503589,nmap,30,1.000,130.693,1915335.111,10617.335,2,0,3811299490,82.733,218.070,4265281536.000,4384771584.000,26.828,27.543,294472.000,1105337.375,55,0
figlet,50,1.000,5.893,1844428.800,8597.075,1,0,15572043,shasum,20,1.000,1.651,6622388.419,3609.778,1,0,13543133,nmap,30,1.000,125.515,1820881.676,11018.668,1,0,3206475474,78.667,241.965,4313145344.000,4416638464.000,27.117,27.735,291666.000,1293105.875,29,0
figlet,50,1.000,6.860,7244497.676,14965.219,2,0,17893823,shasum,20,1.000,1.788,6638250.667,5975.857,2,0,15713941,nmap,40,1.000,144.716,1774660.267,16353.184,2,0,11465594688,76.200,290.280,4284495872.000,4675304243.200,26.947,29.285,306709.000,1537346.300,50,0
figlet,50,1.000,6.859,7229303.467,13998.685,3,0,18182950,shasum,20,1.000,1.921,6643985.067,5589.684,2,0,15818523,nmap,40,1.000,149.323,1856341.333,15518.968,3,0,11761299098,84.800,262.733,4408041472.000,4731040153.600,27.706,29.634,299758.000,1466608.200,40,0
figlet,50,1.000,6.807,1568768.000,15162.941,2,0,19358111,shasum,20,1.000,1.894,6631014.400,6161.758,2,0,15834345,nmap,40,1.000,156.913,1505280.000,17856.079,3,0,10017356451,74.867,266.053,4478523392.000,4773877760.000,28.130,29.887,303787.000,1501375.800,55,0
figlet,50,1.000,6.560,1500774.400,15895.501,2,0,39762029,shasum,20,1.000,1.768,6667059.200,6451.936,2,0,19854956,nmap,50,1.000,158.214,1420310.756,21765.624,3,0,18289209719,72.844,307.191,4447307776.000,5140623701.333,27.947,32.097,284030.000,1996145.167,30,0
figlet,50,1.000,6.624,1806336.000,17377.223,2,0,21101217,shasum,20,1.000,1.819,6638006.857,7003.129,2,0,18166144,nmap,50,1.000,157.640,1919106.032,24305.657,2,0,18017810496,81.133,308.411,4654204928.000,5183847082.667,29.217,32.375,267534.000,2054858.000,30,0
figlet,50,1.000,6.156,7293952.000,15675.903,1,0,19795502,shasum,20,1.000,1.755,1385130.667,6163.941,1,0,17212934,nmap,50,1.000,179.409,1873373.867,25300.320,3,0,17073718843,78.600,285.889,4546093056.000,5102891690.667,28.560,31.869,277776.000,2049156.167,35,0
figlet,50,1.000,5.808,7255517.867,14986.813,2,0,321624228,shasum,20,1.000,1.739,1445546.667,6200.721,2,0,287635304,nmap,60,0.316,147.761,213802287.717,23377.330,2,1,24480238441,82.667,320.524,4649228288.000,5381133750.857,29.127,33.401,311612.000,1868298.857,40,1
figlet,50,1.000,5.912,7327744.000,15922.561,2,0,89657246,shasum,20,1.000,1.596,6396099.048,6175.678,2,0,104139886,nmap,60,0.511,164.095,1451440.356,26302.708,3,1,23566221211,77.933,294.943,4604971008.000,5396673974.857,28.527,33.317,278010.000,2073327.929,55,1
figlet,50,1.000,5.785,1678336.000,18192.740,2,0,21528653,shasum,20,1.000,1.573,6494403.048,7276.690,2,0,18823095,nmap,60,0.540,175.768,1593344.000,30036.684,3,1,23210207071,76.000,295.745,4586831872.000,5316348196.571,28.547,32.927,298231.000,2213519.429,65,1
figlet,50,1.000,9.333,6740650.667,6027.634,1,0,9192254,shasum,30,1.000,3.765,6330026.667,3321.340,1,0,8182992,nmap,0,1.000,0.065,61266090.667,102.000,1,0,0,71.667,115.750,4462153728.000,4400515584.000,27.716,27.341,281577.000,506668.125,60,0
figlet,50,1.000,8.951,1753088.000,5367.973,1,0,9168288,shasum,30,1.000,3.594,1748992.000,2897.484,1,0,7705700,nmap,0,1.000,0.061,60833450.667,98.540,1,0,0,78.600,114.217,4166733824.000,4182742528.000,26.128,26.223,258120.000,494415.250,45,0
figlet,50,1.000,8.023,6941184.000,5649.417,2,0,9447934,shasum,30,1.000,3.222,1458176.000,3090.188,2,0,8330918,nmap,0,1.000,0.257,60828672.000,558.050,1,0,0,79.333,109.883,4201082880.000,4197542912.000,26.330,26.311,296164.000,586417.125,30,0
figlet,50,1.000,7.277,6932138.667,9844.849,1,0,8598798,shasum,30,1.000,2.902,3055616.000,5500.910,1,0,7860940,nmap,10,1.000,59.734,64845141.333,4426.370,1,0,148369438,70.400,164.017,4187715584.000,4198114304.000,26.341,26.406,272198.000,879320.750,55,0
figlet,50,1.000,7.006,6954325.333,8779.170,1,0,9327335,shasum,30,1.000,2.740,1740800.000,4884.924,1,0,8741644,nmap,10,1.000,55.257,1819898.311,3773.174,1,0,145866613,76.333,157.533,4205948928.000,4208039936.000,26.453,26.467,283855.000,852582.500,45,0
figlet,50,1.000,6.649,6948522.667,6690.223,2,0,8833451,shasum,30,1.000,2.566,1728512.000,3803.733,1,0,8228769,nmap,10,1.000,50.213,1881338.311,2891.890,2,0,143502655,75.867,147.933,4210352128.000,4231864832.000,26.479,26.609,276437.000,703383.000,45,0
figlet,50,1.000,7.241,7047509.333,12956.565,1,0,13041296,shasum,30,1.000,2.741,6634325.333,6937.419,1,0,12101304,nmap,20,1.000,116.178,69472938.667,11243.897,1,0,199718784,76.933,222.983,4233441280.000,4251975680.000,26.615,26.728,261767.000,1152870.500,70,0
figlet,50,1.000,6.821,1753088.000,11636.943,1,0,15103090,shasum,30,1.000,2.667,6658730.667,6458.194,1,0,12383582,nmap,20,1.000,112.592,70947157.333,10458.768,1,0,263160467,73.933,213.350,4265195520.000,4327563776.000,26.804,27.179,296520.000,1127449.250,45,0
figlet,50,1.000,6.883,1765376.000,9890.689,2,0,13121724,shasum,30,1.000,2.438,6693546.667,5517.022,2,0,12125074,nmap,20,1.000,97.713,1777254.400,8589.215,2,0,209905177,72.733,232.767,4240926720.000,4273291264.000,26.661,26.856,277445.000,1035467.875,45,0
figlet,50,1.000,6.593,6959445.333,14735.588,2,0,16300661,shasum,30,1.000,2.726,6669141.333,8382.652,2,0,14322572,nmap,30,1.000,139.157,1917496.889,15846.306,2,0,4159738832,79.800,245.933,4261328896.000,4423562752.000,26.780,27.753,265068.000,1445409.125,55,0
figlet,50,1.000,5.634,6950912.000,9709.292,2,0,16946933,shasum,30,1.000,2.487,6683818.667,5812.067,2,0,14695448,nmap,30,1.000,123.036,166267221.333,10592.866,2,0,4383813778,81.267,224.350,4317894656.000,4506199552.000,27.127,28.251,289418.000,1099183.375,55,0
figlet,50,1.000,6.575,6994432.000,12131.715,1,0,17074320,shasum,30,1.000,2.655,6675797.333,6725.336,1,0,15456040,nmap,30,1.000,132.366,169184768.000,12577.033,1,0,4514336995,77.133,226.017,4311109632.000,4466282496.000,27.088,28.014,289283.000,1134461.250,60,0
figlet,50,1.000,6.768,6946406.400,15811.246,2,0,17050751,shasum,30,1.000,2.810,6749115.733,8842.551,2,0,15128460,nmap,40,1.000,144.745,1809794.844,16964.128,2,0,11361411209,80.200,256.040,4314046464.000,4663580672.000,27.105,29.197,284829.000,1553371.700,45,0
figlet,50,1.000,6.740,1396736.000,17505.445,2,0,17122587,shasum,30,1.000,2.744,6754304.000,10154.706,2,0,15145183,nmap,40,1.000,154.889,1838421.333,22278.358,3,0,10379151783,74.200,256.613,4406255616.000,4695292313.600,27.682,29.407,282487.000,1761669.400,50,0
figlet,50,1.000,6.959,1382400.000,18816.237,2,0,17827188,shasum,30,1.000,3.066,1599488.000,11095.855,2,0,17456912,nmap,40,1.000,164.080,1863680.000,21386.471,3,0,11070913681,82.267,287.413,4464326656.000,4782493286.400,28.027,29.922,309862.000,1676375.500,60,0
figlet,50,1.000,5.720,1593344.000,14954.901,2,0,24823360,shasum,30,1.000,2.380,1687552.000,9175.972,2,0,19926702,nmap,50,0.722,171.920,1566037.333,25433.406,3,1,20683241730,78.200,297.124,4436490240.000,5191007378.286,27.875,32.366,276888.000,2232280.357,30,1
figlet,50,0.993,4.758,7007924.419,17615.174,1,0,10894092597,shasum,30,0.992,1.788,6637177.905,12175.448,1,0,9944784531,nmap,50,0.218,79.393,1898496.000,20709.043,1,1,25505357087,79.800,316.038,5595858944.000,5955197513.143,34.492,36.646,296046.000,2027904.571,55,1
figlet,50,1.000,6.491,1541632.000,17910.417,1,0,20214818,shasum,30,1.000,2.703,1511936.000,10725.175,1,0,17023096,nmap,50,1.000,172.087,228060273.778,25091.516,3,0,18358295419,78.733,300.778,4495974400.000,5072208213.333,27.913,31.414,290483.000,1859456.083,50,0
figlet,50,1.000,9.652,7085226.667,6215.344,1,0,9824389,shasum,40,1.000,5.133,6989141.333,4502.166,1,0,8571062,nmap,0,1.000,0.061,57479338.667,87.532,1,0,0,77.333,119.317,4432031744.000,4383120384.000,27.692,27.388,294238.000,507263.750,75,0
figlet,50,1.000,9.659,7107925.333,6245.734,2,0,10037343,shasum,40,1.000,5.015,1785856.000,4530.073,1,0,8649334,nmap,0,1.000,0.062,57479168.000,724.590,1,0,0,73.467,122.616,4199038976.000,4201255424.000,26.407,26.420,261495.000,507034.250,45,0
figlet,50,1.000,8.977,7122773.333,6527.828,2,0,10025246,shasum,40,1.000,4.829,1314816.000,4793.754,2,0,8701025,nmap,0,1.000,0.052,57479543.467,109.990,1,0,0,80.333,118.283,4212013056.000,4221419520.000,26.481,26.538,283228.000,637466.625,30,0
figlet,50,1.000,6.930,7065088.000,8594.973,1,0,9375654,shasum,40,1.000,3.703,3628885.333,6524.290,1,0,8451905,nmap,10,1.000,56.396,60466517.333,3872.537,1,0,148173374,81.200,157.552,4252082176.000,4238800896.000,26.720,26.644,280478.000,869687.125,37,0
figlet,50,1.000,6.537,7079594.667,6763.674,2,0,9182283,shasum,40,1.000,3.810,1820672.000,5154.830,1,0,8398817,nmap,10,1.000,51.902,1839189.333,3041.661,2,0,149875476,81.800,157.900,4219738112.000,4243155456.000,26.530,26.672,296840.000,734592.000,35,0
figlet,50,1.000,7.357,7124480.000,9219.446,1,0,8648912,shasum,40,1.000,3.933,7017984.000,6920.262,1,0,8099060,nmap,10,1.000,57.786,61319168.000,4118.261,1,0,144342595,80.067,168.206,4213518336.000,4225337344.000,26.494,26.565,279360.000,851914.000,70,0
figlet,50,1.000,6.767,7079253.333,12214.062,1,0,14174011,shasum,40,1.000,3.527,7022592.000,8999.223,1,0,12688143,nmap,20,1.000,109.583,66388138.667,10764.182,1,0,220471974,81.400,219.883,4254154752.000,4254622208.000,26.733,26.738,295679.000,1321650.125,30,0
figlet,50,1.000,6.407,7064327.314,9812.648,2,0,13481210,shasum,40,1.000,3.171,7009553.067,7488.419,2,0,12089929,nmap,20,1.000,103.868,1825723.733,9058.966,2,0,245163182,82.933,199.833,4218337280.000,4242727424.000,26.522,26.669,269590.000,1040145.875,45,0
figlet,50,1.000,7.158,7122773.333,12042.000,1,0,13532653,shasum,40,1.000,3.793,7033344.000,8880.442,1,0,11514393,nmap,20,1.000,111.671,65784149.333,10133.813,1,0,199416044,75.733,204.620,4225787904.000,4249589248.000,26.565,26.707,252654.000,1138718.125,65,0
figlet,50,1.000,6.487,7072256.000,11367.078,2,0,20662812,shasum,40,1.000,3.588,7030442.667,9015.787,2,0,18482625,nmap,30,1.000,121.578,191190528.000,11384.531,2,0,6227955971,80.800,238.133,4259854336.000,4510450688.000,26.765,28.268,290062.000,1219370.750,35,0
figlet,50,1.000,6.332,7533056.000,11791.019,2,0,17936417,shasum,40,1.000,3.458,7171584.000,9238.046,2,0,16215306,nmap,30,1.000,129.324,1882567.111,12160.009,2,0,5310665156,82.136,242.601,4367929344.000,4574784512.000,27.427,28.662,289818.000,1211813.500,50,0
figlet,50,1.000,6.876,7535957.333,12104.288,1,0,16120611,shasum,40,1.000,3.651,7233024.000,9230.333,1,0,14133120,nmap,30,1.000,134.290,186564608.000,12104.288,1,0,4748676587,79.533,232.350,4316037120.000,4503846400.000,27.115,28.236,300527.000,1173868.125,45,0
figlet,50,1.000,7.017,7627980.800,17707.528,2,0,17353086,shasum,40,1.000,3.808,1257472.000,13705.023,2,0,14863340,nmap,40,1.000,147.832,1847808.000,19371.952,3,0,11591986959,73.268,264.320,4358637568.000,4682104012.800,27.367,29.302,260908.000,1643771.800,60,0
figlet,50,1.000,7.219,7633715.200,19597.755,2,0,20412651,shasum,40,1.000,3.858,1572864.000,15052.663,2,0,17869861,nmap,40,1.000,146.203,1392640.000,21954.706,3,0,13149695262,77.800,276.067,4505253888.000,4831928320.000,28.273,30.218,256894.000,2028460.300,25,0
figlet,50,1.000,6.981,1427456.000,15852.531,2,0,17703672,shasum,40,1.000,3.885,7274769.067,12581.528,2,0,16142656,nmap,40,1.000,146.871,1866820.267,19110.098,3,0,12812804443,77.267,270.773,4516382720.000,4795789312.000,28.345,30.006,265441.000,1733801.500,25,0
figlet,50,1.000,6.756,7598762.667,17240.697,1,0,19862936,shasum,40,1.000,3.518,1301845.333,12550.862,1,0,18324445,nmap,50,0.991,160.343,1885033.813,24479.750,3,0,19290296583,83.667,282.367,4479031296.000,5046991530.667,28.110,31.509,312380.000,2060103.833,35,0
figlet,50,1.000,5.724,7660300.190,16132.906,2,0,32998113,shasum,40,1.000,3.101,7276348.952,12108.948,2,0,24365148,nmap,50,0.960,179.789,1567630.222,26225.730,3,0,20291715966,80.267,298.448,4688119808.000,5292752018.286,29.362,32.968,281796.000,2127687.286,35,0
figlet,50,1.000,6.452,7705284.673,17392.959,1,0,21260037,shasum,40,1.000,3.322,7305310.273,13369.135,1,0,18545065,nmap,50,0.972,165.195,1293312.000,24847.276,3,0,19557660283,77.267,288.090,4563503104.000,5196466176.000,28.585,32.376,275186.000,2121658.333,35,0
figlet,50,1.000,6.259,7685558.857,16257.029,3,0,700962620,shasum,40,0.996,3.416,1456128.000,12680.210,1,0,604923302,nmap,60,0.267,129.563,1820672.000,23050.300,3,1,25045634813,77.467,311.352,4673064960.000,5440037156.571,29.272,33.793,312185.000,1986754.643,35,1
figlet,50,1.000,5.735,7480254.520,18428.171,1,0,63348069,shasum,40,1.000,3.239,7286101.333,13713.122,1,0,46093003,nmap,60,0.464,164.170,1720320.000,31985.821,3,1,24422404651,75.000,300.790,4623597568.000,5355075291.429,28.675,33.094,307135.000,2435507.500,50,1
figlet,50,1.000,6.265,7321237.769,16078.595,2,0,439126059,shasum,40,1.000,2.977,7139431.097,12515.009,2,0,642182467,nmap,60,0.291,119.917,225914899.505,22220.543,2,1,24882091297,78.533,320.000,4584095744.000,5397427053.714,28.404,33.333,272001.000,1963082.643,60,1
figlet,50,1.000,8.200,7333580.800,4741.424,2,0,9133965,shasum,50,1.000,5.130,7047499.581,4214.414,2,0,7452927,nmap,0,1.000,0.059,62169053.867,109.509,1,0,0,77.267,124.550,4497285120.000,4419233280.000,27.936,27.472,295163.000,628404.750,55,0
figlet,50,1.000,7.947,7346005.333,5185.425,2,0,9444480,shasum,50,1.000,5.663,7229781.333,4738.253,2,0,8298842,nmap,0,1.000,1.388,61897728.000,1896.734,1,0,0,76.733,129.600,4253972480.000,4254991872.000,26.484,26.569,290317.000,601117.625,31,0
figlet,50,1.000,7.707,7362774.552,4987.511,1,0,8639424,shasum,50,1.000,5.038,7244288.000,4381.985,1,0,7195001,nmap,0,1.000,0.064,61412556.800,104.150,1,0,0,82.000,133.933,4243345408.000,4255916544.000,26.630,26.705,288032.000,564039.500,31,0
figlet,50,1.000,7.280,1830912.000,10187.074,1,0,8086122,shasum,50,1.000,4.712,7243434.667,9274.610,1,0,7145869,nmap,10,1.000,60.894,65824187.733,4884.975,1,0,145613519,83.000,175.433,4241041408.000,4247507456.000,26.651,26.708,287440.000,933103.750,50,0
figlet,50,1.000,6.997,7355904.000,9980.544,1,0,9631849,shasum,50,1.000,4.574,1810432.000,8785.532,1,0,9099936,nmap,10,1.000,56.973,1732425.956,4464.327,1,0,158969981,79.533,166.967,4244334592.000,4244779520.000,26.695,26.700,283634.000,933478.250,45,0
figlet,50,1.000,6.459,1769472.000,7017.451,1,0,9549472,shasum,50,1.000,4.147,7251114.667,6501.809,2,0,8152015,nmap,10,1.000,55.653,64892367.238,3143.265,2,0,154003598,74.867,156.383,4223127552.000,4245054464.000,26.569,26.701,292674.000,780705.500,45,0
figlet,50,1.000,7.250,7399594.667,12911.703,1,0,13148173,shasum,50,1.000,4.714,7281664.000,12054.018,1,0,12201675,nmap,20,1.000,120.317,68577792.000,11551.747,1,0,303382387,77.000,233.633,4252819456.000,4278865408.000,26.744,26.901,271013.000,1200603.375,70,0
figlet,50,1.000,6.666,7368362.667,11646.593,1,0,17944358,shasum,50,1.000,4.314,7325525.333,10913.313,1,0,16871557,nmap,20,1.000,109.039,1763100.444,10333.656,1,0,401836093,74.133,219.568,4286930944.000,4296093696.000,26.947,27.003,305809.000,1149056.875,45,0
figlet,50,1.000,6.152,7384473.600,10241.823,2,0,15109159,shasum,50,1.000,4.073,7262890.667,9360.853,2,0,14144270,nmap,20,1.000,111.437,74889932.800,9099.326,2,0,355183059,70.533,245.100,4275474432.000,4294258176.000,26.878,26.991,273621.000,1057107.875,45,0
figlet,50,1.000,6.780,1843200.000,14283.460,2,0,15304188,shasum,50,1.000,4.329,7261354.667,13284.324,2,0,14324724,nmap,30,1.000,124.432,1886549.333,13916.455,2,0,6309140789,80.600,242.150,4290056192.000,4486869504.000,26.963,28.142,275238.000,1382605.875,55,0
figlet,50,1.000,6.877,7417344.000,12371.632,2,0,23178200,shasum,50,1.000,4.626,7271765.333,11622.966,2,0,16037136,nmap,30,1.000,122.430,187237717.333,11307.209,2,0,7107623555,84.533,249.017,4344778752.000,4586240512.000,27.300,28.742,214639.000,1157749.125,35,0
figlet,50,1.000,6.720,7392085.333,12598.555,2,0,15711410,shasum,50,1.000,4.290,1740800.000,11445.595,2,0,14600566,nmap,30,1.000,125.380,1839411.200,12590.432,2,0,5943298901,77.133,244.070,4386838528.000,4560571904.000,27.556,28.593,304632.000,1263527.625,35,0
figlet,50,1.000,7.070,7425911.467,17226.759,2,0,18395807,shasum,50,1.000,4.682,1339392.000,15998.831,2,0,16384546,nmap,40,1.000,147.490,1834496.000,19513.827,2,0,13230237321,77.200,262.213,4382797824.000,4746256793.600,27.533,29.708,312575.000,1653986.800,45,0
figlet,50,1.000,7.054,1290240.000,18639.137,2,0,22496006,shasum,50,1.000,4.819,7322009.600,17861.384,2,0,20306073,nmap,40,1.000,141.563,1560576.000,19633.637,3,0,13769853388,76.667,277.000,4475424768.000,4847030272.000,28.109,30.332,280175.000,1702724.300,45,0
figlet,50,1.000,7.054,1675264.000,15904.486,1,0,19947587,shasum,50,1.000,4.659,1370112.000,14659.516,1,0,17195375,nmap,40,1.000,140.592,1915781.120,18740.159,3,0,13198293879,76.667,269.067,4517445632.000,4872441036.800,28.376,30.492,293463.000,1803627.300,25,0
figlet,50,1.000,5.678,1552042.667,16894.665,1,0,19215310,shasum,50,1.000,3.695,1545102.222,15486.486,1,0,17949566,nmap,50,0.865,174.232,1885525.333,25036.514,3,1,20448738503,84.200,293.781,4516431872.000,5189348790.857,28.355,32.363,309049.000,2002747.000,65,1
figlet,50,1.000,5.904,7058675.810,17221.654,1,0,23577538,shasum,50,1.000,3.778,1600170.667,16269.629,1,0,21653697,nmap,50,0.919,179.505,1511219.200,28229.424,3,0,20438706230,80.600,314.534,4636862464.000,5362262601.143,28.830,33.193,290595.000,2382645.714,30,0
figlet,50,1.000,6.508,1582080.000,19473.057,1,0,24469381,shasum,50,1.000,4.280,7133070.222,17401.747,1,0,19956184,nmap,50,0.969,157.366,1467904.000,24625.467,3,0,19714316032,79.600,289.011,4801679360.000,5251844778.667,29.869,32.564,279958.000,2109899.750,30,0
figlet,50,0.997,5.964,1370112.000,14717.189,3,0,1001615307,shasum,50,1.000,3.843,7010186.971,13348.728,3,0,1002674760,nmap,60,0.231,101.195,1836032.000,19456.415,2,1,25795044012,81.200,297.276,4701194240.000,5501512265.143,29.212,33.992,292011.000,1887381.857,30,1
figlet,50,0.998,5.182,1367381.333,15235.002,3,0,818361907,shasum,50,1.000,3.381,7171471.848,14704.666,1,0,830720634,nmap,60,0.246,99.717,1553749.333,23193.440,2,1,25480155799,76.133,294.819,4572538880.000,5387005074.286,28.370,33.308,285828.000,2074616.214,55,1
figlet,50,0.995,6.109,1521664.000,16788.400,3,0,264411776,shasum,50,1.000,3.992,1300309.333,15441.584,3,0,185685557,nmap,60,0.253,124.533,226385139.810,24165.294,2,1,25501560212,76.400,292.143,4612691968.000,5360202020.571,28.621,33.140,274401.000,2075348.500,55,1
figlet,50,1.000,8.412,7391539.200,6886.060,1,0,9027043,shasum,60,1.000,6.363,7014697.448,7441.179,1,0,7695919,nmap,0,1.000,0.046,69902823.619,5848.887,1,0,0,73.667,118.933,4612853760.000,4553081856.000,28.654,28.297,295539.000,1068348.875,45,0
figlet,50,1.000,8.253,7432704.000,6225.867,1,0,8549888,shasum,60,1.000,6.484,7085568.000,6640.946,1,0,7235949,nmap,0,1.000,0.873,69165568.000,1335.548,1,0,0,76.600,124.250,4317892608.000,4312978432.000,27.048,27.063,297688.000,584201.375,50,0
figlet,50,1.000,8.167,1830912.000,5578.620,2,0,9610845,shasum,60,1.000,6.611,1679360.000,6081.507,2,0,8317507,nmap,0,1.000,0.283,69081258.667,722.313,1,0,0,72.467,114.733,4331587584.000,4343314432.000,27.187,27.261,251615.000,519375.875,45,0
figlet,50,1.000,7.527,1902592.000,10926.247,1,0,9374799,shasum,60,1.000,5.792,7083861.333,11795.008,1,0,8200987,nmap,10,1.000,60.190,71479978.667,4764.300,1,0,159138403,78.133,179.650,4289914880.000,4316182016.000,27.035,27.195,268262.000,931238.750,55,0
figlet,50,1.000,7.047,7404373.333,10132.952,1,0,9537911,shasum,60,1.000,5.389,7102634.667,10975.706,1,0,8666371,nmap,10,1.000,56.228,1780394.667,4514.957,1,0,160326247,78.533,173.133,4307421184.000,4326981120.000,27.144,27.261,298454.000,950841.625,45,0
figlet,50,1.000,6.719,7450794.667,9037.470,2,0,9814185,shasum,60,1.000,4.944,7117824.000,9554.815,2,0,8529673,nmap,10,1.000,52.490,72887637.333,3857.460,2,0,158283307,75.333,157.267,4344346624.000,4345032704.000,27.362,27.367,293335.000,907045.125,45,0
figlet,50,1.000,7.040,1843200.000,11774.521,1,0,14119513,shasum,60,1.000,5.692,1763669.333,13691.538,1,0,13477170,nmap,20,1.000,118.615,85240832.000,11045.722,1,0,350812085,84.133,224.183,4357627904.000,4378253824.000,27.436,27.562,112474.000,1123316.875,35,0
figlet,50,1.000,6.728,7422634.667,10962.348,1,0,15537527,shasum,60,1.000,5.091,7125333.333,12134.001,1,0,16853613,nmap,20,1.000,109.927,1818077.867,9779.508,1,0,494998945,78.733,219.334,4346109952.000,4390650368.000,27.319,27.587,296159.000,1090235.500,50,0
figlet,50,1.000,6.299,7405514.362,9881.788,2,0,15260979,shasum,60,1.000,4.892,7102122.667,11092.817,2,0,13425029,nmap,20,1.000,110.744,1847296.000,9100.420,2,0,407628682,71.333,251.006,4342544384.000,4381985280.000,27.298,27.536,292561.000,1048260.750,45,0
figlet,50,1.000,6.885,7447381.333,13160.934,2,0,16399612,shasum,60,1.000,5.507,1835651.657,15076.307,1,0,14808856,nmap,30,1.000,127.997,192643213.410,13273.293,2,0,6740169809,82.067,239.650,4372357120.000,4564492800.000,27.474,28.625,294505.000,1509361.750,34,0
figlet,50,1.000,6.935,7384917.333,15041.306,2,0,21713215,shasum,60,1.000,5.390,7111680.000,16944.750,2,0,24041449,nmap,30,1.000,121.077,1823516.444,14658.562,2,0,7389577441,75.800,249.750,4433121280.000,4637487104.000,27.850,29.069,273666.000,1408193.250,55,0
figlet,50,1.000,6.398,1607680.000,10675.734,2,0,15919116,shasum,60,1.000,5.232,7138474.667,11494.672,2,0,14615630,nmap,30,1.000,116.106,1773653.333,13138.445,2,0,7077996448,82.333,227.117,4513720320.000,4710927360.000,28.332,29.509,245167.000,1300676.375,30,0
figlet,50,1.000,6.772,7481344.000,17999.750,1,0,19518527,shasum,60,1.000,5.245,7105991.111,20678.603,1,0,18439129,nmap,40,1.000,156.751,1840933.547,20484.251,3,0,14550598162,78.267,289.567,4498219008.000,4982582272.000,28.238,31.139,305190.000,1843506.833,40,0
figlet,50,1.000,6.186,1508966.400,17517.598,2,0,69044842,shasum,60,1.000,5.567,7261138.489,20218.583,2,0,77236014,nmap,40,1.000,143.813,1499648.000,22954.209,2,0,15844638979,78.067,305.789,4575094784.000,5113832448.000,28.725,31.947,283070.000,1970958.083,40,0
figlet,50,1.000,6.587,7480320.000,18712.430,2,0,17296123,shasum,60,1.000,5.354,7687168.000,20703.292,2,0,15858739,nmap,40,1.000,155.843,1496405.333,22809.822,3,0,14174197943,77.267,277.022,4607555584.000,5048639146.667,28.930,31.559,290239.000,1968804.833,45,0
figlet,50,0.997,6.138,1593344.000,16003.155,3,0,249586059,shasum,60,1.000,4.645,7406816.305,17905.078,1,0,96830342,nmap,50,0.495,157.976,1895196.444,24025.944,3,1,23474283480,81.067,312.800,4627644416.000,5344892928.000,29.054,33.241,205116.000,2174034.071,25,1
figlet,50,1.000,5.938,1715404.800,15270.134,3,0,47464623,shasum,60,1.000,4.775,7096612.571,17011.860,3,0,51965769,nmap,50,0.728,161.051,239150947.962,23294.521,3,1,22259723996,76.067,289.381,4725104640.000,5439087469.714,29.253,33.558,274194.000,1965203.643,60,1
figlet,50,1.000,5.701,7131818.667,18689.814,1,0,20354648,shasum,60,1.000,4.529,1466709.333,20517.642,1,0,18671238,nmap,50,0.869,171.889,1491626.667,27785.633,3,1,20637621657,72.667,290.714,4729100288.000,5337585956.571,29.297,32.971,287405.000,2142752.500,65,1
figlet,50,1.000,8.367,6805504.000,6810.268,1,0,8920013,shasum,70,1.000,7.622,6804992.000,8454.570,1,0,7484583,nmap,0,1.000,0.626,55690240.000,1122.117,1,0,0,75.733,124.867,4638484480.000,4526488576.000,28.755,28.100,259863.000,586064.500,75,0
figlet,50,1.000,8.145,7132160.000,6267.646,2,0,9796886,shasum,70,1.000,7.267,1794048.000,7579.276,1,0,8116064,nmap,0,1.000,0.051,55457792.000,93.280,1,0,0,75.400,125.367,4388382720.000,4399605248.000,27.391,27.458,292714.000,573392.500,45,0
figlet,50,1.000,7.598,1820501.333,6810.996,2,0,10252938,shasum,70,1.000,6.629,1768643.048,8484.435,2,0,8588515,nmap,0,1.000,1.123,55467276.190,1257.651,1,0,0,75.667,132.217,4381691904.000,4388858880.000,27.348,27.452,270893.000,724941.750,30,0
figlet,50,1.000,7.664,4058794.667,12426.738,1,0,9367475,shasum,70,1.000,6.720,7085738.667,15012.248,1,0,7919182,nmap,10,1.000,58.687,60093098.667,5224.567,1,0,156173419,74.200,189.900,4381329408.000,4402655744.000,27.457,27.587,289261.000,1139540.125,25,0
figlet,50,1.000,6.930,1785856.000,10195.127,1,0,9796701,shasum,70,1.000,6.180,1753088.000,12696.034,1,0,8758481,nmap,10,1.000,54.911,59959125.333,4397.412,1,0,160656781,78.267,169.583,4381331456.000,4398039552.000,27.460,27.561,301886.000,969954.250,45,0
figlet,50,1.000,7.032,7205580.800,5117.486,1,0,9490361,shasum,70,1.000,5.966,1777664.000,6523.779,1,0,8117710,nmap,10,1.000,55.945,1824312.889,2237.505,1,0,154910445,83.867,175.217,4423634944.000,4422412288.000,27.712,27.705,221222.000,553391.000,50,0
figlet,50,1.000,6.918,1744896.000,12222.157,1,0,15683743,shasum,70,1.000,6.217,7153834.667,15407.049,1,0,16800757,nmap,20,1.000,114.469,95217152.000,10981.845,1,0,693623216,79.333,240.517,4415281152.000,4512408064.000,27.660,28.244,307488.000,1176657.375,50,0
figlet,50,1.000,6.327,7164416.000,10220.260,2,0,14884585,shasum,70,1.000,5.723,7169536.000,13496.999,2,0,13969472,nmap,20,1.000,103.944,1875029.333,9440.549,2,0,466906947,82.133,213.133,4416147456.000,4440572416.000,27.666,27.813,308526.000,1091697.500,45,0
figlet,50,1.000,6.952,7183701.333,14089.199,1,0,13516778,shasum,70,1.000,6.339,7152128.000,18153.111,1,0,12030019,nmap,20,1.000,115.084,1901454.222,12552.762,1,0,318571558,82.133,235.367,4434827264.000,4451910656.000,27.776,27.879,280677.000,1291807.000,55,0
figlet,50,1.000,6.142,1740800.000,11859.689,2,0,23306744,shasum,70,1.000,5.900,7241557.333,14966.616,2,0,29327650,nmap,30,1.000,101.194,1763737.600,11285.245,2,0,8207821210,81.200,221.033,4406597632.000,4649882624.000,27.605,29.062,283564.000,1238686.625,45,0
figlet,50,1.000,6.669,7200288.183,19092.063,2,0,36660377,shasum,70,1.000,6.676,7444772.571,24503.881,2,0,75641580,nmap,30,1.000,140.158,1916245.333,17535.103,2,0,7940009144,75.935,284.854,4522747904.000,4779109580.800,28.314,29.842,298435.000,1628482.500,60,0
figlet,50,1.000,6.454,7331498.667,11089.151,2,0,18792927,shasum,70,1.000,5.731,8052394.667,14564.655,2,0,17580211,nmap,30,1.000,110.162,175409834.667,10837.154,2,0,7533951152,81.400,229.267,4541112320.000,4779009024.000,28.429,29.849,311395.000,1204917.125,35,0
figlet,50,1.000,6.520,7412053.333,20189.195,1,0,18231813,shasum,70,1.000,6.053,8056376.889,26247.780,1,0,16943953,nmap,40,1.000,164.745,1492992.000,24466.697,3,0,14855540130,80.000,299.900,4500246528.000,5045437781.333,28.182,31.443,294425.000,2014617.583,60,0
figlet,50,1.000,6.704,7348838.400,18926.435,3,0,19958956,shasum,70,1.000,6.001,8053873.778,23534.791,3,0,19381891,nmap,40,1.000,150.309,1823146.667,20753.556,2,0,15026393063,84.800,282.333,4682190848.000,5045400234.667,29.291,31.460,282836.000,1947983.000,40,0
figlet,50,1.000,6.741,7342762.667,17594.483,1,0,19557145,shasum,70,1.000,6.083,8093923.556,22077.497,3,0,18344984,nmap,40,1.000,155.269,1664512.000,21817.722,3,0,14555186534,78.667,284.422,4581885952.000,5013829632.000,28.649,31.240,270863.000,1782002.250,95,0
figlet,50,1.000,6.033,7204278.857,16904.292,2,0,235272641,shasum,70,1.000,5.477,7754020.571,22584.711,2,0,221565251,nmap,50,0.461,156.325,1783808.000,24892.062,2,1,23534934818,84.067,314.686,4640487424.000,5373977453.714,28.979,33.303,291143.000,2140749.857,65,1
figlet,50,1.000,5.726,7074084.571,16942.909,1,0,25610980,shasum,70,1.000,5.349,1463637.333,22415.178,1,0,21831008,nmap,50,0.748,173.370,1529856.000,26090.234,3,1,22055635269,77.200,307.038,4706967552.000,5457430820.571,29.130,33.653,289767.000,2137228.857,55,1
figlet,50,1.000,6.277,7606681.600,16351.948,1,0,173699345,shasum,70,1.000,5.511,1686186.667,20304.790,1,0,202202831,nmap,50,0.356,144.480,1544533.333,24515.028,3,1,24755050805,84.267,315.562,4785131520.000,5468731684.571,29.664,33.769,301569.000,2325471.071,25,1
figlet,50,1.000,8.589,7188972.495,6177.012,2,0,10173922,shasum,80,1.000,8.261,8061781.333,8812.953,2,0,8534781,nmap,0,1.000,0.060,58913109.333,133.613,1,0,0,75.867,125.900,5934833664.000,5892137984.000,36.482,36.227,273187.000,679069.000,60,0
figlet,50,1.000,8.654,1886208.000,8843.644,1,0,10329538,shasum,80,1.000,8.754,1849344.000,12404.741,1,0,8736341,nmap,0,1.000,0.057,57886310.400,47.782,1,0,0,83.733,138.767,5000325120.000,5009294336.000,31.069,31.123,265151.000,679427.500,55,0
figlet,50,1.000,8.540,7467008.000,7778.295,1,0,9685175,shasum,80,1.000,8.706,1757184.000,10838.489,1,0,8024632,nmap,0,1.000,1.082,57651541.333,821.874,1,0,0,77.667,132.783,5013547008.000,4736075264.000,31.154,29.540,274295.000,663209.500,45,0
figlet,50,1.000,6.715,7521450.667,7279.034,1,0,9297970,shasum,80,1.000,6.963,8114176.000,10676.372,1,0,7997440,nmap,10,1.000,54.964,60359509.333,3260.188,1,0,152687332,72.467,162.000,4472686592.000,4507152384.000,28.005,28.213,249696.000,719486.125,40,0
figlet,50,1.000,7.688,7476224.000,11195.133,1,0,9694327,shasum,80,1.000,7.819,8126293.333,16207.880,1,0,8438705,nmap,10,1.000,60.667,1832368.356,4976.076,1,0,158354616,75.000,188.417,4503640064.000,4525782528.000,28.192,28.325,283669.000,972144.750,45,0
figlet,50,1.000,7.247,7489706.667,10077.506,1,0,11117939,shasum,80,1.000,7.409,8206677.333,14446.046,1,0,11196004,nmap,10,1.000,58.984,63369216.000,4347.936,1,0,179055057,79.467,181.017,4503695360.000,4529147904.000,28.193,28.346,298745.000,948648.750,45,0
figlet,50,1.000,6.291,1814528.000,10961.245,1,0,15346377,shasum,80,1.000,6.666,8198007.467,16010.230,2,0,13884802,nmap,20,1.000,106.496,1793137.778,9953.858,2,0,513691309,75.867,215.167,4493510656.000,4543261696.000,28.131,28.430,309600.000,1164928.875,45,0
figlet,50,1.000,6.874,7481173.333,8526.836,1,0,14461720,shasum,80,1.000,7.243,8168794.210,12158.550,1,0,13685740,nmap,20,1.000,121.722,1792755.810,7731.300,1,0,422177307,79.450,235.467,4508325888.000,4530873344.000,28.218,28.354,295138.000,1149693.625,34,0
figlet,50,1.000,6.861,7529472.000,11382.490,1,0,13794346,shasum,80,1.000,7.234,8173397.333,16825.508,1,0,12867278,nmap,20,1.000,114.072,1791590.400,10233.829,1,0,368571600,74.867,237.417,4492234752.000,4518587904.000,28.120,28.279,273692.000,1083014.875,50,0
figlet,50,1.000,7.120,7517388.800,14958.575,2,0,17688854,shasum,80,1.000,7.472,1830912.000,21508.026,2,0,17213989,nmap,30,1.000,132.855,1566720.000,13719.307,2,0,8715194180,72.600,259.160,4452681728.000,4769540915.200,27.882,29.781,262654.000,1385808.300,45,0
figlet,50,1.000,7.255,1404928.000,19434.493,2,0,15971705,shasum,80,1.000,7.087,8158802.895,28451.081,2,0,14720887,nmap,30,1.000,138.920,1922844.444,20125.514,2,0,8042628582,84.200,286.840,4568686592.000,4866126233.600,28.588,30.365,303772.000,1676963.700,45,0
figlet,50,1.000,7.017,1515520.000,17265.434,2,0,19378143,shasum,80,1.000,7.626,8149674.667,25781.121,2,0,19256114,nmap,30,1.000,141.916,1409024.000,17262.360,2,0,8100016995,74.800,259.122,4585646080.000,4865407385.600,28.692,30.362,310134.000,1645654.600,45,0
figlet,50,1.000,6.634,1769472.000,18543.196,2,0,20723249,shasum,80,1.000,6.934,1343488.000,26862.501,2,0,20108562,nmap,40,1.000,146.815,1923126.613,20252.870,2,0,15855249731,82.470,279.001,4607162368.000,5096694442.667,28.818,31.749,308666.000,1916560.750,40,0
figlet,50,1.000,6.488,1657344.000,17633.516,2,0,17671060,shasum,80,1.000,6.794,1523712.000,25219.236,2,0,16915109,nmap,40,1.000,159.101,240921713.778,20742.578,3,0,14650909709,71.733,287.933,4690053120.000,5173442901.333,29.308,32.207,259058.000,1816303.583,80,0
figlet,50,1.000,6.331,7562971.429,18012.172,3,0,20910357,shasum,80,1.000,6.242,8141017.803,25183.765,3,0,20641672,nmap,40,1.000,150.221,1597440.000,21920.182,2,0,15924005903,79.800,306.600,4724533248.000,5260945408.000,29.556,32.747,297640.000,1975355.083,40,0
figlet,50,1.000,6.176,7473737.143,19272.548,1,0,137062369,shasum,80,1.000,6.249,1495495.111,27856.063,1,0,181992756,nmap,50,0.523,146.088,1284096.000,24930.174,3,1,23948923268,77.200,290.657,4673257472.000,5383161856.000,29.163,33.339,281309.000,2053397.929,75,1
figlet,50,1.000,5.900,7421366.857,15664.757,2,0,80531707,shasum,80,1.000,6.117,7896600.381,21697.776,2,0,105687917,nmap,50,0.609,157.650,265003690.667,23984.131,3,1,23592255652,74.867,297.019,4713451520.000,5411299620.571,29.198,33.412,268993.000,1965662.500,75,1
figlet,50,1.000,5.876,7265504.305,17458.038,1,0,20744688,shasum,80,1.000,5.870,1499477.333,24799.837,1,0,19620741,nmap,50,0.813,172.632,240236797.562,27939.337,3,1,21479763101,75.667,301.486,4564994048.000,5320599844.571,28.327,32.894,295266.000,2205786.857,65,1
figlet,50,1.000,8.125,7058773.333,7924.135,1,0,10278100,shasum,90,1.000,9.343,7371093.333,12551.013,1,0,8790449,nmap,0,1.000,0.103,56284842.667,71.244,1,0,0,84.867,138.667,4731521024.000,4636656128.000,29.351,28.779,298958.000,726736.500,35,0
figlet,50,1.000,7.338,7332113.067,4908.921,2,0,9832738,shasum,90,1.000,8.660,7442056.533,7540.531,2,0,8304462,nmap,0,1.000,0.051,56295594.667,80.286,1,0,0,70.800,140.267,4360609792.000,4365169664.000,27.222,27.249,202995.000,464378.500,70,0
figlet,50,1.000,8.733,7352832.000,8171.621,1,0,9812085,shasum,90,1.000,9.954,7384746.667,12558.402,1,0,8116966,nmap,0,1.000,0.539,56303445.333,1298.413,1,0,0,79.267,142.667,4351293440.000,4360136192.000,27.163,27.229,307065.000,778939.250,30,0
figlet,50,1.000,6.965,7302144.000,9959.762,1,0,10152157,shasum,90,1.000,7.875,1781760.000,15591.777,1,0,8760461,nmap,10,1.000,54.640,59810645.333,4272.174,1,0,170442662,77.667,174.900,4324231168.000,4342881792.000,27.103,27.217,267326.000,910533.125,45,0
figlet,50,1.000,6.302,7289344.000,8686.133,2,0,10600187,shasum,90,1.000,7.931,7458372.267,13845.681,2,0,9403655,nmap,10,1.000,54.622,60745445.181,3749.895,1,0,181552004,72.467,199.117,4378492928.000,4391561728.000,27.428,27.507,251260.000,862446.625,75,0
figlet,50,1.000,7.289,7291904.000,10021.515,1,0,10139570,shasum,90,1.000,8.273,7483904.000,16200.702,1,0,8808599,nmap,10,1.000,56.819,60337664.000,4567.668,1,0,170465680,79.067,181.900,4369086464.000,4396300288.000,27.369,27.534,261900.000,921294.125,85,0
figlet,50,1.000,6.347,7344469.333,9923.735,2,0,15939326,shasum,90,1.000,7.334,1896448.000,15805.185,2,0,17543590,nmap,20,1.000,103.552,1871872.000,8488.047,1,0,784533541,78.267,215.753,4372457472.000,4442380800.000,27.388,27.808,272183.000,1031341.625,45,0
figlet,50,1.000,6.612,7398434.133,7579.843,1,0,15522427,shasum,90,1.000,6.987,7483772.343,12341.341,1,0,14771069,nmap,20,1.000,110.592,1941464.990,7052.883,1,0,904509819,83.267,237.117,4412821504.000,4431643648.000,27.629,27.742,310072.000,1027366.375,34,0
figlet,50,1.000,6.779,7323648.000,13397.876,1,0,15453632,shasum,90,1.000,8.011,7493461.333,22069.579,1,0,14912189,nmap,20,1.000,112.927,1794048.000,12184.734,1,0,458059088,72.467,236.098,4377751552.000,4409130496.000,27.417,27.607,250538.000,1265438.750,65,0
figlet,50,1.000,7.289,7338229.760,18527.306,2,0,16104788,shasum,90,1.000,8.171,7512064.000,30482.984,2,0,15160915,nmap,30,1.000,128.219,1875968.000,16977.566,2,0,9029869001,77.533,251.000,4386947072.000,4640169164.800,27.470,28.987,311173.000,1599086.900,70,0
figlet,50,1.000,7.143,1323008.000,15012.878,2,0,23940151,shasum,90,1.000,8.323,7597124.267,24596.793,2,0,24157277,nmap,30,1.000,131.061,1819989.333,17203.649,2,0,8773245404,83.400,257.893,4492021760.000,4761224806.400,28.112,29.719,234719.000,1618175.700,30,0
figlet,50,1.000,6.904,1667072.000,19462.838,2,0,16316798,shasum,90,1.000,8.238,7566103.893,30656.881,2,0,16791061,nmap,30,1.000,137.270,1773704.533,17126.968,2,0,8430576104,83.000,285.333,4526235648.000,4780058214.400,28.318,29.832,290311.000,1648181.400,35,0
figlet,50,1.000,6.804,7427640.889,18173.789,1,0,25486999,shasum,90,1.000,7.906,1512960.000,28687.970,1,0,41004366,nmap,40,1.000,144.410,1431552.000,19542.029,3,0,17336330593,78.000,289.500,4500443136.000,5061656234.667,28.160,31.513,269371.000,1841596.167,35,0
figlet,50,1.000,6.729,7413646.222,18163.957,2,0,18942738,shasum,90,1.000,7.795,7829845.333,29383.140,2,0,18360079,nmap,40,1.000,148.529,1376256.000,24497.484,3,0,16788717005,84.333,283.111,4637575168.000,5128995498.667,28.958,31.891,303859.000,2178781.500,30,0
figlet,50,1.000,6.552,7428209.778,19653.707,1,0,19195777,shasum,90,1.000,7.854,7792526.222,32131.949,1,0,19389945,nmap,40,1.000,159.583,1855055.644,24035.130,3,0,15401862763,80.733,296.156,4706545664.000,5150973610.667,29.376,32.023,298681.000,2241352.083,25,0
figlet,50,1.000,5.734,7562692.789,14654.503,2,0,574872455,shasum,90,1.000,6.785,1716565.333,23485.480,2,0,560657539,nmap,50,0.279,114.577,1849500.038,20173.487,1,1,25091888217,80.400,322.752,4677320704.000,5457271661.714,29.201,33.783,263002.000,2041405.714,25,1
figlet,50,1.000,6.123,7283273.143,16346.889,2,0,31772309,shasum,90,1.000,6.970,8212480.000,25285.141,2,0,90849012,nmap,50,0.508,147.728,1488577.422,25251.658,2,1,24270282483,81.867,299.010,4628846592.000,5272757101.714,28.648,32.557,278910.000,2334427.857,40,1
figlet,50,1.000,5.845,7042681.905,17466.029,2,0,20383933,shasum,90,1.000,6.674,7766601.143,27255.000,2,0,23121044,nmap,50,0.817,178.399,1699840.000,27637.712,3,1,21864214754,77.933,314.467,4550955008.000,5321889499.429,28.259,32.894,286013.000,2220619.143,40,1
figlet,50,1.000,7.830,7017130.667,8445.210,2,0,10221847,shasum,100,1.000,9.457,7517184.000,13803.773,1,0,8133420,nmap,0,1.000,0.141,1825792.000,1485.998,1,0,0,80.267,137.117,4656316416.000,4617782784.000,28.938,28.703,283561.000,1054027.875,30,0
figlet,50,1.000,8.476,1899178.667,7076.704,1,0,9470197,shasum,100,1.000,10.360,1910784.000,12298.672,1,0,7672073,nmap,0,1.000,0.667,60741290.667,673.142,1,0,0,82.467,134.467,4359475200.000,4373716480.000,27.278,27.363,230490.000,613603.250,50,0
figlet,50,1.000,8.848,7369216.000,7979.826,2,0,12267866,shasum,100,1.000,10.542,7539882.667,12888.998,2,0,9752956,nmap,0,1.000,0.669,60748458.667,1180.016,1,0,0,74.333,140.500,4379037696.000,4368148992.000,27.392,27.373,259475.000,651165.000,65,0
figlet,50,1.000,6.845,7362779.429,8711.084,1,0,10595897,shasum,100,1.000,8.442,1798144.000,15116.612,1,0,9117332,nmap,10,1.000,56.758,65123254.857,3874.347,1,0,179399763,72.333,203.867,4321306624.000,4362099712.000,27.138,27.383,244837.000,872824.250,60,0
figlet,50,1.000,7.165,7431168.000,10405.980,1,0,10354349,shasum,100,1.000,9.330,7529642.667,18616.777,1,0,9170329,nmap,10,1.000,58.265,66021205.333,4588.238,1,0,173490907,75.000,175.433,4341270528.000,4363884544.000,27.259,27.395,268869.000,957486.625,65,0
figlet,50,1.000,6.983,7342933.333,9505.986,1,0,12939316,shasum,100,1.000,8.692,7655594.667,16491.714,1,0,12319905,nmap,10,1.000,57.243,1767469.511,4168.958,2,0,240542902,77.533,187.867,4364130304.000,4387057152.000,27.393,27.532,283780.000,909969.000,50,0
figlet,50,1.000,6.779,7348594.590,14010.980,1,0,29665412,shasum,100,1.000,8.713,7701026.133,24872.662,1,0,56955687,nmap,20,1.000,105.452,108365687.467,11387.214,1,0,1679842996,76.933,254.733,4360841216.000,4451292672.000,27.373,27.915,284718.000,1255553.125,70,0
figlet,50,1.000,6.378,1744896.000,10364.015,2,0,16206683,shasum,100,1.000,7.391,8538794.667,18448.113,2,0,16164922,nmap,20,1.000,103.109,1718272.000,9191.167,2,0,1052382802,78.067,216.500,4394958848.000,4482436608.000,27.586,28.109,267761.000,1108120.750,45,0
figlet,50,1.000,6.557,7329060.571,13787.539,1,0,18114313,shasum,100,1.000,8.195,1795640.889,24993.681,1,0,20200343,nmap,20,1.000,103.098,170773333.333,11110.746,1,0,2794470862,74.333,238.350,4412923904.000,4536899072.000,27.688,28.429,267012.000,1457473.375,34,0
figlet,50,1.000,7.189,1757184.000,17294.963,2,0,20115604,shasum,100,1.000,9.156,8506026.667,31027.750,2,0,20370216,nmap,30,1.000,124.037,1443840.000,15101.653,2,0,9565944726,83.067,263.653,4408723456.000,4727529881.600,27.662,29.570,312339.000,1620275.800,35,0
figlet,50,1.000,7.525,1204224.000,16248.682,2,0,18379739,shasum,100,1.000,9.630,1347584.000,28761.130,2,0,17228047,nmap,30,1.000,129.582,1887744.000,14198.618,2,0,9971090799,84.400,262.360,4439676928.000,4707261235.200,27.861,29.457,275149.000,1417106.100,55,0
figlet,50,1.000,7.309,1417216.000,18080.682,2,0,20012444,shasum,100,1.000,9.441,1560576.000,32300.872,2,0,17745583,nmap,30,1.000,134.879,1865072.640,15831.573,2,0,9538031869,78.400,283.987,4503721984.000,4852379648.000,28.242,30.322,305222.000,1605787.300,35,0
figlet,50,1.000,6.555,1271808.000,16611.804,3,0,20039534,shasum,100,1.000,8.355,1613824.000,28795.261,3,0,20016656,nmap,40,1.000,135.451,1513472.000,18891.461,2,0,17443719303,80.800,274.833,4536592384.000,4976237568.000,28.435,31.068,294487.000,1768771.583,35,0
figlet,50,1.000,6.331,7388192.508,17494.959,2,0,22706542,shasum,100,1.000,7.883,1740800.000,30716.574,2,0,25319537,nmap,40,1.000,136.427,1895826.286,18372.626,3,0,17702907957,78.800,290.678,4579153920.000,5143105194.667,28.709,32.076,308209.000,1784572.000,40,0
figlet,50,1.000,6.685,1604266.667,16910.646,1,0,18356517,shasum,100,1.000,8.601,8573383.111,29699.052,1,0,19416416,nmap,40,1.000,155.308,1300480.000,20299.506,3,0,16525485232,82.000,298.589,4651345920.000,5193642666.667,29.140,32.374,298767.000,1756043.917,40,0
figlet,50,1.000,6.136,1527125.333,16377.004,1,0,308765697,shasum,100,1.000,7.553,8342342.705,27371.737,3,0,393254376,nmap,50,0.293,119.414,232594110.171,20407.141,3,1,24907083310,74.467,301.229,4630108160.000,5370853376.000,28.976,33.341,255074.000,1902846.143,80,1
figlet,50,0.992,6.017,1361920.000,16693.149,2,0,566047252,shasum,100,1.000,7.968,1613824.000,30041.818,2,0,731315343,nmap,50,0.269,113.445,205762745.295,20755.796,2,1,25622542758,76.333,301.400,4657754112.000,5409351094.857,28.849,33.385,252641.000,1989671.429,55,1
figlet,50,1.000,6.030,7427900.952,17846.361,1,0,24813605,shasum,100,1.000,7.483,8872423.619,30300.194,1,0,28610091,nmap,50,0.693,163.552,1649152.000,26627.412,3,1,23232022086,80.867,304.381,4664061952.000,5386619465.143,28.934,33.295,301181.000,2305618.786,40,1
figlet,50,1.000,8.183,7181824.000,8869.543,1,0,9959499,shasum,110,1.000,11.182,7420416.000,16343.907,1,0,8538442,nmap,0,1.000,9.045,1859242.667,4332.877,1,0,0,81.333,149.100,4637616128.000,4603639296.000,28.816,28.605,297215.000,1421399.375,25,0
figlet,50,1.000,7.612,7403690.667,7158.261,1,0,9451938,shasum,110,1.000,10.451,7714304.000,13395.157,1,0,7734812,nmap,0,1.000,0.824,52212906.667,830.819,1,0,0,76.400,132.117,4375535616.000,4339548672.000,27.255,27.077,307497.000,672980.625,45,0
figlet,50,1.000,7.732,7304513.829,7761.559,2,0,10196450,shasum,110,1.000,11.163,1816576.000,14769.989,2,0,8665163,nmap,0,1.000,0.587,52045073.067,1139.199,1,0,0,79.333,152.750,4331366400.000,4348012032.000,27.037,27.163,271880.000,703804.625,60,0
figlet,50,1.000,7.322,1673216.000,12841.380,1,0,11597908,shasum,110,1.000,10.315,7647573.333,25262.303,1,0,9871127,nmap,10,1.000,59.770,54865749.333,5662.249,1,0,193406036,84.067,198.000,4373516288.000,4380993024.000,27.390,27.438,255516.000,1123184.125,55,0
figlet,50,1.000,6.782,1798144.000,7919.033,2,0,11041965,shasum,110,1.000,9.710,1761280.000,15454.480,1,0,9812552,nmap,10,1.000,56.327,1800601.600,3548.022,2,0,185837012,78.333,172.367,4348049408.000,4372932096.000,27.242,27.392,289907.000,797161.500,45,0
figlet,50,1.000,7.743,7367782.400,12171.358,1,0,10991809,shasum,110,1.000,10.491,7664810.667,23350.449,1,0,9770957,nmap,10,1.000,61.112,55953066.667,5211.132,1,0,181735204,69.000,196.567,4342546432.000,4385998336.000,27.206,27.467,262707.000,1015799.125,70,0
figlet,50,1.000,6.516,7331840.000,11947.622,1,0,14411498,shasum,110,1.000,8.968,7708672.000,22918.063,1,0,14019050,nmap,20,1.000,107.673,71551488.000,10424.616,2,0,758948783,81.600,225.867,4352022528.000,4395934720.000,27.260,27.524,269264.000,1195779.750,60,0
figlet,50,1.000,7.481,7344981.333,14358.639,1,0,28988722,shasum,110,1.000,9.954,1773568.000,27256.841,1,0,71214693,nmap,20,1.000,102.601,1913969.778,11281.129,1,0,3645232344,84.400,254.683,4412831744.000,4644772352.000,27.621,29.014,276691.000,1329057.375,55,0
figlet,50,1.000,6.289,7385322.057,11677.893,2,0,17207531,shasum,110,1.000,8.568,1814528.000,22776.532,2,0,21624451,nmap,20,1.000,90.688,117218986.667,9913.528,2,0,2017866811,79.133,212.267,4429062144.000,4528201728.000,27.732,28.322,304239.000,1263486.375,45,0
figlet,50,1.000,7.319,1814528.000,15516.480,2,0,17710065,shasum,110,1.000,9.816,9442372.267,29634.704,3,0,18054330,nmap,30,1.000,126.165,1525760.000,13063.654,3,0,10224635017,84.000,263.413,4441856000.000,4769733836.800,27.802,29.764,305923.000,1411076.600,55,0
figlet,50,1.000,7.298,7377988.267,15575.499,2,0,53788073,shasum,110,1.000,10.412,1316864.000,30087.804,2,0,156869924,nmap,30,1.000,111.051,1917392.213,12392.350,3,0,12811280962,82.200,266.840,4550094848.000,4905231155.200,28.464,30.591,307492.000,1686629.600,30,0
figlet,50,1.000,7.016,7472929.646,14765.654,3,0,17188267,shasum,110,1.000,10.311,1290240.000,27858.967,3,0,16332718,nmap,30,1.000,120.454,196219371.520,11982.377,2,0,11220667466,82.533,290.360,4596355072.000,4935499776.000,28.764,30.787,263113.000,1402969.300,45,0
figlet,50,1.000,6.899,7536981.333,17814.594,2,0,21002275,shasum,110,1.000,9.473,11599758.222,34084.968,2,0,23408684,nmap,40,1.000,148.460,1294336.000,22218.713,3,0,17721401617,74.800,284.768,4568901632.000,5092007936.000,28.594,31.724,267088.000,2033653.917,50,0
figlet,50,1.000,7.015,7502165.333,18255.652,1,0,21129606,shasum,110,1.000,9.698,1430528.000,34796.044,1,0,23131613,nmap,40,1.000,141.843,1609728.000,19090.949,3,0,18906775570,80.976,292.911,4705818624.000,5227728213.333,29.431,32.539,287895.000,1791871.833,40,0
figlet,50,1.000,6.888,1513472.000,17295.397,3,0,24040215,shasum,110,1.000,8.907,11564909.714,32537.615,3,0,24495001,nmap,40,1.000,137.893,1966080.000,18082.615,2,0,18283495160,79.267,276.456,4671000576.000,5138379093.333,29.152,31.952,261117.000,1739236.417,80,0
figlet,50,1.000,5.981,7464218.819,18570.542,2,0,463362736,shasum,110,1.000,7.966,10663916.495,40298.199,2,0,457672091,nmap,50,0.287,123.885,198514531.962,23742.734,2,1,25083280582,78.602,315.077,4675663872.000,5398020973.714,29.212,33.473,304638.000,2172588.571,45,1
figlet,50,0.995,6.612,7491544.990,21423.378,1,0,585833058,shasum,110,0.980,8.629,8732632.990,34500.638,1,0,781836607,nmap,50,0.244,104.410,1702570.667,19631.811,2,1,25786541094,80.933,300.029,4696582144.000,5352625883.429,29.083,33.052,266359.000,1902141.429,50,1
figlet,50,1.000,5.914,7378417.371,16924.450,2,0,200122688,shasum,110,1.000,8.220,1559096.889,32105.807,2,0,147967181,nmap,50,0.398,142.125,248373384.533,24586.350,2,1,24737092500,80.400,319.067,4624189440.000,5438578980.571,28.689,33.608,303845.000,2249208.214,45,1
figlet,50,1.000,8.121,7254235.429,5335.102,1,0,9739731,shasum,120,1.000,10.976,1785856.000,10543.765,1,0,8040809,nmap,0,1.000,0.067,60459783.314,3829.745,1,0,0,76.133,146.000,4669440000.000,4635412992.000,28.946,28.738,293351.000,1006260.375,35,0
figlet,50,1.000,8.098,1780053.333,10803.505,1,0,9302628,shasum,120,1.000,11.981,7943509.333,21935.301,1,0,7657422,nmap,0,1.000,0.939,59978240.000,3629.542,1,0,0,75.933,139.583,4557578240.000,4498114048.000,28.263,27.956,276524.000,955822.375,30,0
figlet,50,1.000,8.069,7375360.000,7522.087,1,0,10584483,shasum,120,1.000,11.796,7917397.333,15106.529,1,0,9391268,nmap,0,1.000,0.051,58237952.000,66.322,1,0,0,82.400,148.717,4376723456.000,4397890048.000,27.376,27.503,217967.000,632068.250,50,0
figlet,50,1.000,6.446,7331942.400,8592.507,2,0,13960169,shasum,120,1.000,10.082,7965696.000,18251.969,2,0,13188638,nmap,10,1.000,57.206,62125329.067,3716.036,2,0,221236160,77.024,213.456,4402618368.000,4435607552.000,27.582,27.780,289721.000,876266.375,60,0
figlet,50,1.000,7.524,7300608.000,14186.551,1,0,13742691,shasum,120,1.000,11.184,8002218.667,29618.779,1,0,12026114,nmap,10,1.000,60.061,62414677.333,6508.112,1,0,204425230,76.867,198.250,4430376960.000,4462475776.000,27.748,27.940,285460.000,1469126.500,25,0
figlet,50,1.000,7.249,7408786.286,10199.571,2,0,48405745,shasum,120,1.000,10.410,8505344.000,20872.496,1,0,203453522,nmap,10,1.000,54.735,1813890.844,4491.358,2,0,665073316,74.800,182.100,4416946176.000,4487038464.000,27.667,28.087,275012.000,961207.250,45,0
figlet,50,1.000,7.117,7599445.333,12915.490,1,0,15404956,shasum,120,1.000,10.918,13567146.667,26792.967,1,0,15798418,nmap,20,1.000,106.450,153957205.333,10172.671,1,0,2873217904,67.200,224.067,4481579008.000,4607719936.000,28.085,28.839,289572.000,1297447.875,65,0
figlet,50,1.000,7.738,6955409.798,19066.028,2,0,17223757,shasum,120,1.000,9.680,1474560.000,40365.156,2,0,17642657,nmap,30,1.000,119.246,1454080.000,16904.842,3,0,10962074686,75.400,283.280,4820461568.000,5208232345.600,29.847,32.169,292531.000,1612268.400,30,0
figlet,50,1.000,7.314,7027124.907,20661.203,2,0,19136469,shasum,120,1.000,11.619,1507328.000,42013.930,2,0,21236751,nmap,30,1.000,125.205,1868458.667,15971.970,2,0,12290213593,76.667,282.947,4904128512.000,5264383180.800,30.368,32.527,303458.000,1673766.900,45,0
figlet,50,1.000,7.335,1388544.000,19269.720,2,0,18489427,shasum,120,1.000,11.024,8189132.800,39930.105,2,0,20999978,nmap,30,1.000,126.703,1542144.000,17084.165,3,0,11067713770,74.067,274.880,4894357504.000,5105531699.200,30.330,31.608,293368.000,1696938.600,45,0
figlet,50,1.000,6.976,1488896.000,17834.156,1,0,20455740,shasum,120,1.000,10.500,8272896.000,37365.748,1,0,25350282,nmap,40,1.000,141.863,1905664.000,19314.239,3,0,18457130254,72.400,293.445,4626898944.000,5191924394.667,28.764,32.142,265524.000,1775985.833,45,0
figlet,50,1.000,6.935,7064234.667,10243.369,2,0,43549955,shasum,120,1.000,10.355,1575936.000,20816.308,2,0,83094408,nmap,40,1.000,130.573,1893632.000,9103.201,2,0,18930892191,75.933,281.822,4784822272.000,5314285568.000,29.721,32.893,286309.000,1154853.800,35,0
figlet,50,1.000,6.572,7100302.222,17571.072,1,0,20669276,shasum,120,1.000,9.686,1479680.000,35812.844,1,0,25360743,nmap,40,1.000,136.325,1882521.600,20302.263,3,0,17966438837,75.467,311.000,4886304768.000,5396236629.333,30.346,33.423,298947.000,1807696.667,45,0
figlet,50,1.000,6.245,1478656.000,23367.659,2,0,2375849265,shasum,120,0.985,8.806,9594324.114,32289.924,2,0,3602197397,nmap,50,0.235,92.940,1883079.111,19435.987,1,1,26277816224,80.133,321.724,4899428352.000,5684815872.000,30.468,35.141,293958.000,2308819.000,25,1
figlet,50,1.000,6.151,1492992.000,11839.321,1,0,30122990,shasum,120,1.000,9.076,1573546.667,22761.034,1,0,51909140,nmap,50,0.529,151.123,258967161.905,9859.327,2,1,25414203846,73.733,304.191,4388907008.000,5298324626.286,27.230,32.724,278649.000,1234783.700,50,1
figlet,50,1.000,6.056,1580032.000,17391.015,1,0,22883759,shasum,120,1.000,8.829,1622016.000,35436.679,1,0,26111723,nmap,50,0.456,146.218,1542144.000,26332.998,3,1,24588481650,77.333,299.791,4677367808.000,5387988992.000,29.027,33.291,284644.000,2292055.786,35,1
figlet,50,1.000,8.063,7157930.667,9446.417,1,0,10571829,shasum,130,1.000,12.869,7701162.667,20191.098,1,0,9047698,nmap,0,1.000,2.227,1661724.444,2876.224,1,0,0,81.600,147.933,4701763584.000,4557252096.000,29.132,28.266,288928.000,1223588.250,30,0
figlet,50,1.000,8.064,1859584.000,8865.949,2,0,10488166,shasum,130,1.000,12.118,8033280.000,18777.187,2,0,8977039,nmap,0,1.000,0.485,57373184.000,702.800,1,0,0,77.733,141.717,4427313152.000,4368054272.000,27.574,27.239,283294.000,767095.375,45,0
figlet,50,1.000,7.893,7298633.143,5386.804,1,0,9971100,shasum,130,1.000,12.980,1800829.156,11904.813,1,0,8553395,nmap,0,1.000,0.059,57359155.200,98.423,1,0,0,84.333,150.550,4301496320.000,4307233792.000,26.843,26.880,215417.000,572314.125,35,0
figlet,50,1.000,7.717,7306581.333,12362.790,1,0,11126937,shasum,130,1.000,12.096,1822720.000,27277.500,1,0,10401061,nmap,10,1.000,61.786,59813034.667,5181.222,1,0,189453695,75.933,200.583,4216492032.000,4265136128.000,26.454,26.746,273045.000,1028307.375,50,0
figlet,50,1.000,7.231,7283200.000,11150.627,1,0,16539592,shasum,130,1.000,11.517,8663893.333,24745.496,1,0,43399226,nmap,10,1.000,58.243,60755285.333,4822.482,1,0,320931476,75.867,196.283,4242323456.000,4273893888.000,26.610,26.801,286928.000,1011837.875,45,0
figlet,50,1.000,7.578,7344981.333,11784.534,1,0,11004139,shasum,130,1.000,12.579,10084522.667,26952.035,1,0,10748402,nmap,10,1.000,60.605,60646570.667,5062.595,1,0,189628546,73.267,189.183,4267472896.000,4289377280.000,26.772,26.902,276329.000,1064698.250,65,0
figlet,50,1.000,6.650,7320064.000,11580.068,2,0,15662261,shasum,130,1.000,10.902,10129237.333,26343.570,2,0,15111781,nmap,20,1.000,97.030,155963221.333,8714.308,2,0,4009208419,79.400,232.400,4262936576.000,4382648832.000,26.740,27.457,309068.000,1170996.125,50,0
figlet,50,1.000,6.452,1732608.000,11203.794,2,0,16295838,shasum,130,1.000,10.816,10136234.667,24725.061,2,0,18189169,nmap,20,1.000,100.425,1822993.067,8960.534,2,0,2912696521,73.667,233.200,4295358464.000,4420533760.000,26.936,27.684,285368.000,1130472.750,40,0
figlet,50,1.000,6.703,7362730.667,12730.409,2,0,22923476,shasum,130,1.000,11.078,10151424.000,28817.462,2,0,37075960,nmap,20,1.000,98.496,1898040.889,9666.884,2,0,3954000991,74.067,237.300,4315971584.000,4479641088.000,27.060,28.038,286571.000,1228761.375,55,0
figlet,50,1.000,7.330,7409664.000,18618.430,2,0,20522977,shasum,130,1.000,12.181,1425408.000,40858.738,2,0,24662553,nmap,30,1.000,112.763,1368064.000,15784.705,2,0,12085905269,81.600,257.200,4340445184.000,4676510515.200,27.206,29.216,212586.000,1721315.600,35,0
figlet,50,1.000,7.306,7339212.800,17442.228,2,0,18988522,shasum,130,1.000,11.518,10226892.800,37622.531,2,0,22455276,nmap,30,1.000,111.654,1862314.667,13166.857,2,0,11726840572,80.400,259.827,4392763392.000,4678238208.000,27.530,29.233,303656.000,1613084.900,50,0
figlet,50,1.000,7.421,7352456.533,14161.578,2,0,51377142,shasum,130,1.000,11.907,10208460.800,30905.028,2,0,112293368,nmap,30,1.000,106.634,220100608.000,11831.143,2,0,13169634373,74.667,258.240,4443172864.000,4752170598.400,27.836,29.677,302222.000,1375059.900,30,0
figlet,50,1.000,6.904,7415011.556,19617.580,1,0,21214870,shasum,130,1.000,11.312,10150115.556,43045.768,1,0,21900384,nmap,40,1.000,142.633,1594880.000,20834.560,3,0,19712240301,76.800,304.467,4435589120.000,5062332416.000,27.788,31.534,290930.000,1891308.833,55,0
figlet,50,1.000,6.822,1432917.333,17717.819,1,0,21332533,shasum,130,1.000,10.996,1412437.333,38512.268,1,0,27807352,nmap,40,0.999,131.138,1870124.373,22509.806,3,0,19564698643,78.733,278.602,4545445888.000,5044274176.000,28.466,31.445,284721.000,2132224.167,30,0
figlet,50,1.000,6.969,1748992.000,20614.071,1,0,56754497,shasum,130,1.000,11.349,1624576.000,44649.529,1,0,93094033,nmap,40,1.000,139.559,1400832.000,23682.079,3,0,21645390259,80.733,300.789,4607203328.000,5272256170.667,28.847,32.799,285060.000,2352983.833,20,0
figlet,50,1.000,5.979,7398702.324,12686.159,1,0,4023350412,shasum,130,0.953,9.238,11345897.709,28503.600,1,0,4742325479,nmap,50,0.220,87.130,1894400.000,14229.117,2,1,26692187767,77.400,321.626,4585101312.000,5607569115.429,28.605,34.672,279326.000,1740973.429,50,1
figlet,50,1.000,6.123,1691556.978,17174.571,2,0,133992592,shasum,130,1.000,9.736,8956489.143,36845.089,2,0,187124269,nmap,50,0.455,151.148,232849603.048,26086.244,2,1,25380264180,75.333,311.829,4481220608.000,5235817618.286,27.778,32.332,289019.000,2436843.357,45,1
figlet,50,1.000,6.071,7342411.581,17464.758,1,0,25343190,shasum,130,1.000,9.953,8761265.981,37758.925,1,0,37427348,nmap,50,0.523,151.294,1537092.267,25141.181,3,1,25416640626,79.067,313.577,4484190208.000,5343498240.000,27.837,33.017,266392.000,2169185.500,50,1
figlet,50,1.000,7.577,7328597.333,7835.933,1,0,8581736,shasum,140,1.000,13.100,8735573.333,18737.573,1,0,7112053,nmap,0,1.000,13.407,1827840.000,3687.312,1,0,0,76.933,147.450,4716238848.000,4570994176.000,29.280,28.407,282761.000,1184597.625,30,0
figlet,50,1.000,7.508,7373994.667,7498.998,1,0,9452615,shasum,140,1.000,12.826,8746666.667,17640.719,2,0,7981713,nmap,0,1.000,1.321,65037653.333,1393.030,1,0,0,81.667,141.867,4250619904.000,4248989696.000,26.546,26.595,310500.000,706349.000,45,0
figlet,50,1.000,7.975,7379694.933,10312.662,1,0,9618312,shasum,140,1.000,13.481,8809096.533,23990.506,1,0,7877743,nmap,0,1.000,0.714,65061376.000,1657.704,1,0,0,75.867,160.350,4267083776.000,4271508480.000,26.717,26.793,288646.000,826898.250,70,0
figlet,50,1.000,7.396,7370581.333,12973.440,1,0,12407076,shasum,140,1.000,12.690,8891562.667,31546.299,1,0,12411100,nmap,10,1.000,60.586,69568170.667,5871.700,1,0,225734613,83.600,207.700,4251619328.000,4266274304.000,26.722,26.812,290820.000,1228416.125,30,0
figlet,50,1.000,7.026,7373482.667,12497.880,1,0,14967653,shasum,140,1.000,12.227,1664000.000,29314.884,1,0,51164490,nmap,10,1.000,57.745,69778944.000,5378.922,1,0,351589126,77.600,204.767,4282394624.000,4406610432.000,26.908,27.657,309509.000,1335905.375,30,0
figlet,50,1.000,7.008,7406114.133,8761.941,1,0,14091241,shasum,140,1.000,13.127,10639121.067,20855.322,1,0,25418362,nmap,10,1.000,61.311,71767074.133,3894.234,1,0,239612054,71.067,192.200,4269305856.000,4286929920.000,26.838,26.943,253081.000,925641.500,65,0
figlet,50,1.000,6.640,7433045.333,10962.318,2,0,17407918,shasum,140,1.000,11.729,10691754.667,26583.027,2,0,19357277,nmap,20,1.000,93.299,170856618.667,7833.318,2,0,4614809624,72.533,228.433,4270827520.000,4433583104.000,26.845,27.817,264088.000,1089327.000,50,0
figlet,50,1.000,6.548,7398936.381,10154.550,2,0,18706793,shasum,140,1.000,12.147,10730564.267,23565.210,2,0,33752178,nmap,20,1.000,87.242,154612565.333,7166.149,2,0,4655611323,80.667,212.167,4322680832.000,4439624192.000,27.154,27.851,294544.000,1045393.000,70,0
figlet,50,1.000,7.387,1813284.571,12747.829,2,0,25174724,shasum,140,1.000,11.347,1839445.333,29297.396,2,0,117151570,nmap,20,1.000,85.107,203697034.971,10396.495,1,0,6564264491,74.533,262.250,4354084864.000,4590559744.000,27.339,28.750,308117.000,1650092.125,25,0
figlet,50,1.000,7.453,7457450.667,16707.304,2,0,18777405,shasum,140,1.000,13.105,12846967.467,39424.785,2,0,23857081,nmap,30,1.000,114.893,194919082.667,13281.626,2,0,12536200801,81.400,259.360,4373180416.000,4681000140.800,27.467,29.306,297539.000,1530656.800,60,0
figlet,50,1.000,7.347,7456085.333,13919.965,2,0,24974988,shasum,140,1.000,12.386,12821435.733,32425.991,2,0,51466734,nmap,30,1.000,105.474,1833478.827,10565.311,2,0,13050474624,77.133,255.067,4434878464.000,4801452851.200,27.842,30.030,287524.000,1401905.300,35,0
figlet,50,1.000,7.510,1552384.000,17681.841,2,0,18442218,shasum,140,1.000,13.295,12823893.333,42334.948,2,0,21632000,nmap,30,1.000,116.503,1196032.000,15354.447,2,0,12673260056,69.067,257.480,4428466176.000,4732579430.400,27.777,29.601,298643.000,1538271.700,80,0
figlet,50,1.000,6.977,7497386.667,18699.395,1,0,24968259,shasum,140,1.000,12.085,1433600.000,43288.016,3,0,38411960,nmap,40,0.999,124.364,1642496.000,18243.794,3,0,20948213538,81.467,286.522,4410023936.000,4975244629.333,27.686,31.068,308663.000,1848661.583,50,0
figlet,50,1.000,6.984,7446983.111,13475.618,1,0,45240642,shasum,140,1.000,11.834,14400853.333,31267.629,1,0,209842037,nmap,40,1.000,126.808,1805653.333,15596.215,3,0,21739576279,81.333,282.989,4554575872.000,5242642773.333,28.573,32.683,299913.000,1672681.333,40,0
figlet,50,1.000,7.236,7452216.889,20822.318,1,0,22007300,shasum,140,1.000,12.012,1508352.000,47988.293,1,0,32635217,nmap,40,1.000,126.378,1897472.000,17332.451,3,0,21679284620,78.000,290.300,4574650368.000,5087305386.667,28.585,31.650,305500.000,1690597.250,35,0
figlet,50,1.000,6.234,1409024.000,15360.293,4,0,1929412102,shasum,140,1.000,9.821,11668343.467,34798.967,4,0,1990968453,nmap,50,0.211,80.072,233146992.152,16272.151,2,1,26760185819,80.333,317.495,4579205120.000,5525017746.286,28.662,34.240,289003.000,1915341.929,15,1
figlet,50,0.995,5.990,1542144.000,16703.785,2,0,1398110586,shasum,140,0.997,9.316,8666213.703,36925.858,4,0,1664115119,nmap,50,0.240,92.248,1662976.000,18494.580,2,1,26499657845,70.600,290.543,4647751680.000,5415492461.714,28.741,33.379,286989.000,2087007.071,50,1
figlet,50,1.000,6.240,7373050.776,17184.460,1,0,56807252,shasum,140,1.000,10.619,8578222.150,38448.978,1,0,115918060,nmap,50,0.398,146.059,1773568.000,25968.193,3,1,26129648397,72.600,298.238,4749469696.000,5479114752.000,29.399,33.795,202731.000,2168979.857,40,1
figlet,50,1.000,7.231,7192405.333,8304.406,1,0,8842005,shasum,150,1.000,13.403,8673280.000,20908.886,2,0,7215173,nmap,0,1.000,0.320,56399530.667,1250.695,1,0,0,68.867,140.367,4665933824.000,4590314496.000,28.918,28.472,268176.000,770211.375,60,0
figlet,50,1.000,7.265,7220745.752,8760.928,2,0,10700800,shasum,150,1.000,13.579,1776896.000,22139.309,2,0,10105733,nmap,0,1.000,0.064,56398336.000,79.098,1,0,0,78.267,173.967,4313100288.000,4338642944.000,26.930,27.082,268696.000,945606.125,30,0
figlet,50,1.000,8.259,7210427.733,12086.291,1,0,9900256,shasum,150,1.000,14.932,8761173.333,30387.761,1,0,8754512,nmap,0,1.000,0.287,56407893.333,1434.070,1,0,0,75.733,161.233,4325636096.000,4351207936.000,27.007,27.158,286861.000,1084995.625,25,0
figlet,50,1.000,7.215,7252992.000,13299.183,1,0,22918831,shasum,150,1.000,13.382,9049600.000,33372.590,1,0,128579989,nmap,10,1.000,58.776,64368298.667,5846.395,1,0,452686874,76.133,206.493,4332402688.000,4391932928.000,27.160,27.517,310168.000,1245202.000,30,0
figlet,50,1.000,7.164,7292586.667,9085.127,2,0,13609680,shasum,150,1.000,12.663,1691648.000,22981.895,2,0,14051748,nmap,10,1.000,53.353,1803878.400,3971.032,2,0,239792156,80.067,185.733,4387735552.000,4402123264.000,27.541,27.627,190114.000,853936.625,45,0
figlet,50,1.000,7.348,7258282.667,12585.425,1,0,11160579,shasum,150,1.000,13.657,16019114.667,31638.995,1,0,10615258,nmap,10,1.000,60.808,60215978.667,5624.150,1,0,222494483,66.067,205.500,4375764992.000,4417302016.000,27.457,27.680,250387.000,1081356.250,70,0
figlet,50,1.000,6.662,7363242.667,11219.867,2,0,86530060,shasum,150,1.000,12.631,18440874.667,28433.538,2,0,612223765,nmap,20,1.000,76.170,170358954.667,7125.835,2,0,7668372514,80.000,224.950,4409587712.000,4665054720.000,27.605,29.142,287215.000,1121757.750,45,0
figlet,50,1.000,7.304,7518890.667,13599.560,1,0,18476257,shasum,150,1.000,13.271,28149760.000,34261.948,1,0,24788408,nmap,20,1.000,94.326,201829376.000,11060.854,1,0,5369939572,76.867,227.183,4579598336.000,4713350656.000,28.721,29.518,284373.000,1528093.750,30,0
figlet,50,1.000,7.114,1719182.222,13992.152,2,0,30685754,shasum,150,1.000,13.707,1755591.111,35724.981,2,0,184875832,nmap,20,1.000,84.085,191205034.667,9274.305,1,0,7223847692,78.267,244.333,4456265728.000,4822254080.000,27.966,30.151,305624.000,1431243.125,30,0
figlet,50,1.000,7.570,7571374.080,13717.610,3,0,22030530,shasum,150,1.000,13.823,1699840.000,34209.369,3,0,38620874,nmap,30,1.000,95.582,1380352.000,9818.337,2,0,15182442516,79.467,251.933,4497430528.000,4830084710.400,28.213,30.202,281736.000,1247852.000,40,0
figlet,50,1.000,7.390,1361920.000,15183.193,2,0,22136383,shasum,150,1.000,13.717,28897744.213,37186.722,2,0,63760080,nmap,30,1.000,105.677,1884615.111,11909.030,2,0,13229755307,75.490,257.418,4572297216.000,4904690892.800,28.677,30.654,271317.000,1380554.900,55,0
figlet,50,1.000,7.709,1736704.000,17959.876,2,0,20046555,shasum,150,1.000,14.138,28893184.000,44278.906,2,0,33268669,nmap,30,1.000,108.272,1421312.000,13660.861,3,0,14763586662,82.933,273.533,4617181184.000,5027883008.000,28.945,31.395,296214.000,1540705.800,40,0
figlet,50,0.931,6.088,7560076.365,14187.388,1,0,5660239764,shasum,150,0.778,11.199,30656746.057,32509.132,1,1,9752522311,nmap,40,0.212,79.971,1916967.010,13043.761,1,1,26442289491,78.933,306.314,4640835584.000,5594229028.571,29.082,34.653,300696.000,1931305.214,35,1
figlet,50,1.000,6.709,7308356.267,19299.444,1,0,23463633,shasum,150,1.000,12.508,13549187.657,47857.380,1,0,46709240,nmap,40,1.000,128.028,1441792.000,18609.920,3,0,22183112278,78.667,300.967,4565510144.000,5200468309.333,28.269,32.106,291552.000,1805625.500,65,0
figlet,50,1.000,6.171,1447253.333,16658.461,1,0,58364007,shasum,150,1.000,11.133,1683729.067,41007.107,3,0,182805842,nmap,40,0.890,147.820,1445376.000,21297.317,3,1,23531606417,80.733,308.410,4770848768.000,5369168164.571,29.603,33.179,287093.000,2164072.786,30,1
figlet,50,1.000,6.824,6819186.590,9276.462,1,0,9383648,shasum,160,1.000,14.083,14133760.000,24621.415,1,0,7475789,nmap,0,1.000,0.110,1828295.111,523.091,1,0,0,77.867,145.633,4714639360.000,4677173248.000,29.231,29.006,299978.000,931550.500,40,0
figlet,50,1.000,8.147,1687552.000,11621.750,1,0,9159054,shasum,160,1.000,15.552,14553941.333,31449.600,1,0,7298763,nmap,0,1.000,0.339,47905792.000,792.814,1,0,0,78.933,154.317,4449800192.000,4460264448.000,27.748,27.811,266807.000,937771.750,45,0
figlet,50,1.000,7.836,7333546.667,8898.513,1,0,10526634,shasum,160,1.000,15.282,1745920.000,23812.885,1,0,9474792,nmap,0,1.000,0.064,47890602.667,117.449,1,0,0,78.000,156.183,4454287360.000,4463763968.000,27.772,27.828,205644.000,786656.125,30,0
figlet,50,1.000,6.583,7299584.000,9506.266,2,0,14282106,shasum,160,1.000,13.370,14641322.667,26110.389,1,0,16468559,nmap,10,1.000,53.662,50692437.333,4306.520,2,0,271265363,77.133,187.583,4388409344.000,4410034688.000,27.449,27.579,291769.000,928147.625,45,0
figlet,50,1.000,7.635,7328768.000,13456.221,1,0,13998343,shasum,160,1.000,14.759,14666410.667,37022.893,1,0,17775801,nmap,10,1.000,61.670,53638485.333,6067.872,1,0,220947926,73.133,213.050,4415754240.000,4447130624.000,27.610,27.798,258390.000,1137220.000,70,0
figlet,50,1.000,7.013,7385088.000,12811.296,1,0,16012371,shasum,160,1.000,13.882,14709930.667,34441.487,1,0,37461192,nmap,10,1.000,57.289,52703914.667,5828.156,1,0,322009075,78.000,207.650,4409888768.000,4461344768.000,27.574,27.882,308596.000,1340930.250,30,0
figlet,50,1.000,6.645,1204224.000,13696.559,2,0,17098858,shasum,160,1.000,13.788,14693273.600,35625.124,2,0,23905761,nmap,20,1.000,80.155,1748992.000,9148.259,1,0,6886114115,81.267,260.200,4447475712.000,4646744064.000,27.797,28.988,273748.000,1362201.375,60,0
figlet,50,1.000,6.791,7354880.000,11093.670,2,0,19428448,shasum,160,1.000,13.200,14646272.000,29121.124,2,0,47068625,nmap,20,1.000,87.668,1828181.333,7442.230,2,0,5462860442,70.933,228.317,4482131968.000,4607241728.000,28.008,28.751,282032.000,1089842.000,65,0
figlet,50,1.000,7.354,7389696.000,11100.801,2,0,17775735,shasum,160,1.000,13.754,1351680.000,29902.604,2,0,24420875,nmap,20,1.000,87.463,170263756.800,7680.044,1,0,6444761673,74.733,259.167,4444682240.000,4710478336.000,27.774,29.360,250562.000,1147283.375,85,0
figlet,50,1.000,7.532,1828864.000,17920.892,2,0,27634215,shasum,160,1.000,14.901,1775616.000,46936.953,3,0,68084215,nmap,30,1.000,104.390,1913287.111,12834.678,3,0,15105134615,84.267,273.587,4504608768.000,4924901785.600,28.130,30.646,266587.000,1581768.800,50,0
figlet,50,1.000,7.394,1404928.000,13956.764,2,0,127523150,shasum,160,0.855,14.230,19374535.111,37010.894,2,1,1914793042,nmap,30,0.734,94.148,1443840.000,12010.919,2,1,22205939813,80.200,286.700,4627030016.000,5213379242.667,28.885,32.327,276554.000,1649183.417,50,1
figlet,50,1.000,7.698,7136733.867,16103.350,2,0,30109132,shasum,160,1.000,15.100,31128780.800,42090.979,2,0,83504547,nmap,30,1.000,96.192,1830912.000,11577.343,3,0,16125939376,71.733,266.067,4673990656.000,5077135360.000,28.948,31.422,275646.000,1374254.200,50,0
figlet,50,1.000,7.012,7467008.000,17955.347,1,0,25622707,shasum,160,1.000,13.835,31081358.222,45896.088,3,0,52818889,nmap,40,1.000,121.748,1837875.200,18809.579,3,0,22344788825,76.867,284.511,4583667712.000,5190653610.667,28.575,32.206,296473.000,2146073.917,25,0
figlet,50,1.000,7.393,7305329.778,17926.297,3,0,25021317,shasum,160,1.000,13.575,27362697.346,46123.115,3,0,74060082,nmap,40,0.993,114.067,1738752.000,16733.451,2,0,22682441402,83.800,277.100,4749234176.000,5314342912.000,29.603,32.937,278669.000,1756985.583,60,0
figlet,50,1.000,7.090,1348608.000,17064.783,3,0,23567946,shasum,160,1.000,13.332,1255424.000,44112.189,3,0,48431258,nmap,40,0.998,119.137,225101196.597,17407.271,3,0,22467744697,76.600,304.961,4689461248.000,5313228800.000,29.021,32.777,262673.000,1784661.667,75,0
figlet,50,1.000,6.412,7389457.067,16481.071,3,0,2729964620,shasum,160,0.983,12.136,12769123.962,42092.965,3,0,3976910974,nmap,50,0.151,77.567,210601106.286,26973.535,2,1,27609906865,76.400,317.752,4781582336.000,5682689755.429,29.627,35.023,309085.000,1988959.429,40,1
figlet,50,1.000,5.871,7349267.505,17172.290,2,0,2694945715,shasum,160,0.995,11.883,11467697.981,51859.261,3,0,4121788904,nmap,50,0.203,76.772,1351680.000,19509.116,2,1,26973609454,74.000,314.029,4761591808.000,5693062290.286,29.453,35.085,278787.000,2189109.429,45,1
figlet,50,0.218,1.929,7131233.524,7721.320,1,1,24888865378,shasum,160,0.246,4.107,11761517.714,16112.352,1,1,24271932756,nmap,50,0.149,51.273,187688618.667,9604.781,1,1,28755294387,82.867,297.065,5919926272.000,6214964662.857,36.397,38.234,290429.000,1528968.357,80,1
figlet,50,1.000,7.682,7179161.600,11085.080,1,0,8931521,shasum,170,1.000,16.678,12875161.600,32442.117,1,0,7086085,nmap,0,1.000,0.065,45811370.667,92.896,1,0,0,77.933,159.633,4666437632.000,4479094272.000,28.988,27.870,270551.000,905859.500,60,0
figlet,50,1.000,7.659,7202474.667,10355.231,1,0,9345787,shasum,170,1.000,16.119,1785856.000,30492.288,1,0,7681775,nmap,0,1.000,0.618,45826048.000,895.443,1,0,0,74.867,154.350,4278001664.000,4280955392.000,26.705,26.752,289357.000,898968.875,45,0
figlet,50,1.000,6.994,7217152.000,9523.636,2,0,9255997,shasum,170,1.000,14.323,1843200.000,27771.236,1,0,7610162,nmap,0,1.000,0.196,45829802.667,787.517,1,0,0,69.533,144.817,4265322496.000,4285614592.000,26.664,26.785,255705.000,884549.750,45,0
figlet,50,1.000,6.973,7218176.000,9976.806,2,0,14613531,shasum,170,1.000,15.217,12970988.495,27827.979,2,0,21399745,nmap,10,1.000,54.456,50877269.333,4050.888,1,0,308286852,76.667,236.267,4268926976.000,4321481728.000,26.743,27.058,289896.000,1023390.500,30,0
figlet,50,1.000,7.276,7292074.667,11407.391,1,0,12248627,shasum,170,1.000,15.418,12943701.333,32765.532,1,0,11476631,nmap,10,1.000,60.218,1892352.000,4994.812,1,0,228507059,72.667,196.400,4321492992.000,4338498048.000,27.050,27.152,304689.000,979199.625,80,0
figlet,50,1.000,7.104,1785856.000,11375.023,1,0,38746190,shasum,170,1.000,14.264,16114176.000,31866.354,1,0,207859161,nmap,10,1.000,56.398,1868504.178,5322.329,2,0,1118379558,79.933,211.900,4327516160.000,4533373952.000,27.082,28.325,303163.000,1071853.875,50,0
figlet,50,1.000,7.331,7320732.038,13015.611,1,0,19041151,shasum,170,1.000,15.247,22658901.333,35925.589,1,0,31302001,nmap,20,1.000,78.575,174473045.333,8453.270,1,0,7330497672,72.533,230.483,4389771264.000,4610670592.000,27.509,28.831,261562.000,1308953.625,65,0
figlet,50,1.000,6.738,7349589.333,10567.074,2,0,19258279,shasum,170,1.000,14.020,1739776.000,28813.941,2,0,52983629,nmap,20,1.000,85.263,157442389.333,7359.564,2,0,6516490826,81.733,227.517,4431712256.000,4600868864.000,27.767,28.776,237805.000,1133736.875,30,0
figlet,50,1.000,7.039,1803810.133,7915.707,1,0,34783337,shasum,170,1.000,13.941,1776605.867,21320.930,1,0,314965484,nmap,20,1.000,71.122,1757900.800,6223.724,1,0,9392407819,80.024,239.256,4473192448.000,4565924864.000,28.013,28.566,306609.000,1106617.875,29,0
figlet,50,1.000,7.403,7389320.533,14559.926,3,0,22635714,shasum,170,1.000,15.414,23126425.600,40069.733,3,0,76055868,nmap,30,1.000,92.308,1820808.533,10534.852,2,0,15994275050,69.600,251.040,4468598784.000,4870540492.800,27.995,30.396,265471.000,1338226.700,45,0
figlet,50,1.000,7.458,7371161.600,17503.254,2,0,23750313,shasum,170,1.000,15.568,1306624.000,48011.604,2,0,59721117,nmap,30,1.000,94.149,1903274.667,12845.608,2,0,15592016694,75.067,252.547,4531312640.000,4882827673.600,28.379,30.476,296545.000,1491723.200,50,0
figlet,50,1.000,7.461,7409254.400,14818.618,2,0,22153009,shasum,170,1.000,15.657,1443840.000,40780.994,2,0,56105089,nmap,30,1.000,98.868,1406976.000,10569.501,2,0,15345868898,74.200,264.080,4573321216.000,4956823552.000,28.606,30.895,183863.000,1266554.600,75,0
figlet,50,1.000,6.982,7331271.111,17808.071,1,0,30003930,shasum,170,1.000,14.678,21436416.000,49427.565,3,0,130142505,nmap,40,0.996,120.683,1939683.556,16749.436,3,0,22402180274,76.000,294.711,4580714496.000,5211267754.667,28.662,32.399,303301.000,1761660.417,55,0
figlet,50,1.000,7.333,1328469.333,18282.178,1,0,28775251,shasum,170,1.000,15.010,13269333.333,48411.222,1,0,101712316,nmap,40,1.000,116.058,1443157.333,17986.588,3,0,22949774167,76.600,279.844,4669808640.000,5294769834.667,28.939,32.694,267906.000,1805418.250,70,0
figlet,50,1.000,6.296,7126844.952,13973.614,1,0,25723584,shasum,170,1.000,13.231,1504142.222,38212.226,3,0,95249772,nmap,40,0.903,142.442,1906688.000,18807.173,3,0,23940419071,83.200,301.181,4671614976.000,5341131922.286,28.977,32.952,275378.000,1850361.071,65,0
figlet,50,1.000,6.282,7296585.143,15376.489,4,0,1198483433,shasum,170,1.000,12.618,12977544.882,48659.189,4,0,2859612750,nmap,50,0.183,80.509,202015451.429,22315.002,2,1,27507389844,76.867,319.438,4656848896.000,5632153600.000,28.764,34.669,294454.000,1957969.429,75,1
figlet,50,0.711,4.685,7142778.950,11958.983,1,1,11544743691,shasum,170,0.508,10.258,24482204.386,34293.869,1,1,14545845894,nmap,50,0.137,72.486,202789770.971,16698.150,1,1,27914766043,73.800,304.019,4652597248.000,5732064694.857,28.818,35.369,305669.000,2232156.214,50,1
figlet,50,0.988,5.808,7212548.876,13461.976,2,0,1979153450,shasum,170,0.948,12.590,21391954.895,37021.596,2,0,3241944765,nmap,50,0.143,64.071,238677674.667,14326.654,1,1,27911797741,76.067,305.495,4578904064.000,5515474358.857,28.580,34.176,307134.000,1693415.000,55,1
figlet,50,1.000,7.788,7045973.333,10084.933,1,0,9519577,shasum,180,1.000,17.114,12417365.333,31000.288,1,0,8642359,nmap,0,1.000,0.160,53064704.000,1167.170,1,0,0,74.533,159.567,4506372096.000,4447317504.000,28.007,27.652,289153.000,1167946.250,50,0
figlet,50,1.000,6.943,7126528.000,8784.876,2,0,8941970,shasum,180,1.000,15.756,12540586.667,26924.363,2,0,7299425,nmap,0,1.000,0.051,53333162.667,99.590,1,0,0,74.467,149.333,4140871680.000,4162578432.000,25.946,26.076,299076.000,833746.500,45,0
figlet,50,1.000,7.154,7140469.029,9667.581,2,0,10338612,shasum,180,1.000,16.227,12586520.381,28882.660,2,0,9592058,nmap,0,1.000,0.629,53306489.905,1499.758,1,0,0,74.133,175.700,4179097600.000,4198047744.000,26.171,26.307,287600.000,1046204.125,30,0
figlet,50,1.000,7.589,7226880.000,14381.622,1,0,13284665,shasum,180,1.000,16.668,12570624.000,42768.406,1,0,15438697,nmap,10,1.000,62.278,60216832.000,6275.028,1,0,303152932,76.733,218.400,4212127744.000,4240936448.000,26.458,26.632,268007.000,1207305.375,55,0
figlet,50,1.000,6.736,7219882.667,8746.928,2,0,44233569,shasum,180,1.000,14.913,16807594.667,27375.662,1,0,700043321,nmap,10,1.000,54.861,90518528.000,4420.686,1,0,2260019785,76.400,209.850,4236193792.000,4379281408.000,26.603,27.464,285820.000,910018.500,45,0
figlet,50,1.000,7.093,7171730.286,11922.695,2,0,16542716,shasum,180,1.000,16.159,36205499.733,34932.417,2,0,48832706,nmap,10,1.000,61.051,60954326.552,5505.390,1,0,526013743,76.600,244.467,4353955840.000,4423553536.000,27.475,27.886,291023.000,1264959.000,30,0
figlet,50,1.000,6.902,7195989.333,11168.270,2,0,23254548,shasum,180,1.000,15.040,36270250.667,32275.296,2,0,94109376,nmap,20,1.000,77.253,175678976.000,6808.047,2,0,8017781452,76.600,224.100,4304662528.000,4512576000.000,27.149,28.390,283323.000,1095296.125,70,0
figlet,50,1.000,7.042,7231317.333,13051.255,2,0,75384802,shasum,180,1.000,14.849,36380501.333,38197.915,2,0,397972690,nmap,20,1.000,78.468,184487082.667,10835.786,2,0,8221669423,84.267,227.933,4427769856.000,4690036224.000,27.895,29.462,304847.000,1464673.375,30,0
figlet,50,1.000,7.183,7361024.000,14486.153,2,0,18407928,shasum,180,1.000,15.401,36250794.667,41975.119,2,0,42578116,nmap,20,1.000,85.286,1901738.667,10001.295,2,0,6882241118,79.867,246.117,4453263360.000,4656009728.000,28.055,29.265,306992.000,1313068.500,40,0
figlet,50,1.000,7.718,1488213.333,13678.479,3,0,24919482,shasum,180,1.000,16.718,1435648.000,38096.660,3,0,174248520,nmap,30,1.000,84.429,1833642.667,9008.534,2,0,17224406366,72.400,249.280,4387684352.000,4796117811.200,27.652,30.096,196201.000,1179389.500,55,0
figlet,50,1.000,7.156,1443840.000,19043.608,2,0,20712695,shasum,180,1.000,17.016,36305223.680,54871.067,2,0,51498489,nmap,30,1.000,96.249,1429504.000,12820.223,2,0,16207285928,75.733,282.720,4534138880.000,4926123212.800,28.515,30.864,272394.000,1512744.700,80,0
figlet,50,1.000,7.283,1527808.000,20128.109,2,0,27931992,shasum,180,1.000,15.757,1323008.000,59311.738,2,0,209063887,nmap,30,1.000,86.536,1894400.000,13835.224,2,0,17065017274,84.867,284.314,4470364160.000,4959499468.800,28.139,31.065,272768.000,1604605.900,70,0
figlet,50,1.000,7.206,7359374.222,16176.397,1,0,25927999,shasum,180,1.000,15.914,30400170.667,45778.216,1,0,190489850,nmap,40,0.967,119.852,1306624.000,16993.102,3,0,23991978585,82.800,287.134,4499742720.000,5238460074.667,28.317,32.678,200995.000,1714298.083,65,0
figlet,50,0.768,4.436,7109719.771,11019.205,1,1,10211895646,shasum,180,0.604,11.939,24215805.562,34496.278,1,1,12864415978,nmap,40,0.188,67.393,1854634.667,12423.101,1,1,26705394476,80.067,312.810,4659288064.000,5635039817.143,28.956,34.782,303748.000,1858191.357,35,1
figlet,50,0.546,3.050,7102464.000,11201.105,1,1,14563347207,shasum,180,0.214,7.984,32735506.460,60900.121,1,1,22015309452,nmap,40,0.118,39.998,1669120.000,12629.667,1,1,28243378310,81.267,315.629,4591362048.000,5966022070.857,28.490,36.780,281411.000,2044693.643,35,1
figlet,50,1.000,7.842,7198890.667,10664.048,2,0,16483576,shasum,190,1.000,18.250,1556480.000,33856.488,2,0,159425130,nmap,0,1.000,0.055,46772224.000,1251.200,1,0,0,72.267,170.083,4760868864.000,4824026624.000,29.751,30.130,285833.000,1165721.875,40,0
figlet,50,1.000,7.297,7317845.333,8585.336,2,0,9973585,shasum,190,1.000,16.294,1466368.000,27532.767,2,0,8741516,nmap,0,1.000,0.999,46770858.667,2464.711,1,0,0,75.733,152.483,4341278720.000,4329495552.000,27.261,27.244,291665.000,795374.250,45,0
figlet,50,1.000,7.611,7246336.000,9912.851,1,0,9204525,shasum,190,1.000,17.381,5440238.933,32045.182,1,0,7529622,nmap,0,1.000,0.056,46764202.667,136.231,1,0,0,74.843,162.780,4321728512.000,4320903680.000,27.248,27.242,294716.000,977455.500,37,0
figlet,50,1.000,6.636,7253674.667,10837.399,1,0,76750164,shasum,190,1.000,15.793,1841152.000,34068.559,1,0,214521928,nmap,10,1.000,56.352,52342954.667,5248.684,1,0,544224820,74.800,197.600,4261451776.000,4311847424.000,26.944,27.245,273895.000,1026757.875,50,0
figlet,50,1.000,7.327,7327914.667,14587.772,1,0,20320211,shasum,190,1.000,17.227,50272938.667,46360.463,1,0,61695615,nmap,10,1.000,60.476,1784763.733,6781.011,1,0,644926061,75.333,218.783,4322525184.000,4444825600.000,27.317,28.047,313018.000,1583846.125,25,0
