function_figlet,rate_function_figlet,success_rate_function_figlet,cpu_usage_function_figlet,ram_usage_function_figlet,power_usage_function_figlet,replica_figlet,overloaded_function_figlet,medium_latency_function_figlet,function_nmap,rate_function_nmap,success_rate_function_nmap,cpu_usage_function_nmap,ram_usage_function_nmap,power_usage_function_nmap,replica_nmap,overloaded_function_nmap,medium_latency_function_nmap,function_env,rate_function_env,success_rate_function_env,cpu_usage_function_env,ram_usage_function_env,power_usage_function_env,replica_env,overloaded_function_env,medium_latency_function_env,cpu_usage_idle_node,cpu_usage_node,ram_usage_idle_node,ram_usage_node,ram_usage_idle_node_percentage,ram_usage_node_percentage,power_usage_idle_node,power_usage_node,rest_seconds,overloaded_node
figlet,130,1.000,18.669,5159765.333,26935.775,1,0,7905578,nmap,20,1.000,118.103,17616725.333,8650.182,1,0,156892614,env,10,1.000,1.082,3494058.667,2249.756,1,0,7095610,80.133,243.033,3157254144.000,3191508480.000,11.278,11.419,223541.000,1331164.625,10,0
figlet,130,1.000,18.663,8316416.000,24747.186,1,0,7822595,nmap,20,1.000,119.088,23055360.000,7652.609,2,0,153068815,env,10,1.000,0.978,6579370.667,1995.552,1,0,6814134,86.596,226.049,3274008576.000,3293514752.000,11.761,11.839,192740.000,1295921.125,60,0
figlet,130,1.000,19.048,8496128.000,19814.855,2,0,32347117,nmap,20,1.000,118.523,26606080.000,6230.190,2,0,237812590,env,10,1.000,1.048,7052288.000,1668.224,2,0,10121080,93.600,274.650,3281917952.000,3306165248.000,11.797,11.894,208474.000,1106312.500,45,0
figlet,130,1.000,18.678,9405098.667,32376.102,1,0,21798675,nmap,20,1.000,127.057,31154176.000,10312.832,1,0,226644265,env,20,1.000,1.914,1904640.000,4900.346,1,0,9429826,81.867,285.117,3281195008.000,3293413888.000,11.801,11.850,198273.000,1382556.875,40,0
figlet,130,1.000,16.782,9469610.667,29496.852,1,0,7634685,nmap,20,1.000,118.924,25572059.429,9078.626,1,0,149909456,env,20,1.000,2.040,7185300.724,4155.146,1,0,7052640,87.467,263.233,3255701504.000,3260601344.000,11.701,11.720,207327.000,1355644.125,75,0
figlet,130,1.000,19.701,9482205.867,30285.896,1,0,32295013,nmap,20,1.000,133.069,30740275.200,9718.068,1,0,273575726,env,20,1.000,1.905,7264290.133,4449.092,1,0,9256974,83.733,256.217,3229171712.000,3248747520.000,11.597,11.674,206700.000,1377857.000,45,0
figlet,130,1.000,20.926,10396842.667,29773.913,1,0,83100205,nmap,20,1.000,137.853,33363797.333,9585.322,1,0,304783265,env,30,1.000,3.155,7348906.667,6611.883,1,0,9424685,85.067,259.517,3256451072.000,3270894080.000,11.710,11.768,211410.000,1417903.125,45,0
figlet,130,1.000,20.402,12292266.667,30604.784,2,0,75385276,nmap,20,1.000,137.004,38123690.667,10133.237,1,0,323012784,env,30,1.000,3.174,1871872.000,7282.180,2,0,9871173,95.267,255.017,3269976064.000,3284607488.000,11.775,11.834,232750.000,1757998.000,30,0
figlet,130,1.000,19.651,12220245.333,31442.475,1,0,48154401,nmap,20,1.000,126.820,1898609.778,9987.162,1,0,322324533,env,30,1.000,2.885,7475712.000,6930.635,1,0,9815567,89.267,298.204,3273392128.000,3317466112.000,11.792,11.967,135917.000,1314970.375,40,0
figlet,130,1.000,18.948,12213282.133,30638.776,1,0,7703916,nmap,20,1.000,119.603,24573995.886,9571.304,1,0,155970560,env,40,1.000,3.570,7614610.286,8860.892,1,0,6693348,82.533,281.917,3285016576.000,3288787456.000,11.840,11.855,205565.000,1390069.125,45,0
figlet,130,1.000,20.339,12292681.143,28777.995,1,0,8157213,nmap,20,1.000,133.141,2269184.000,8913.222,1,0,162542262,env,40,1.000,4.119,7624430.933,8385.398,1,0,6745736,81.800,257.850,3257159680.000,3277599744.000,11.728,11.810,194859.000,1367851.375,60,0
figlet,130,1.000,19.863,12503893.333,27458.419,1,0,118263472,nmap,20,1.000,127.431,27492352.000,8850.846,1,0,315269943,env,40,1.000,4.039,7618560.000,7999.691,2,0,10955349,83.667,251.200,3280300032.000,3320777728.000,11.821,11.982,214829.000,1332163.750,45,0
figlet,130,1.000,18.631,14297429.333,28118.386,2,0,35414977,nmap,20,1.000,124.378,31128064.000,9272.591,1,0,361819974,env,50,1.000,4.733,1888893.156,10877.628,2,0,10264337,96.867,305.733,3325491200.000,3344761344.000,12.010,12.088,233687.000,1719390.375,30,0
figlet,130,1.000,18.997,14338218.667,38639.220,1,0,32552093,nmap,20,1.000,128.032,35275776.000,12290.951,1,0,338919432,env,50,1.000,4.666,7680170.667,14222.641,1,0,9777233,89.200,300.000,3293169664.000,3313050624.000,11.884,11.963,224847.000,1675017.250,40,0
figlet,130,1.000,19.533,14348526.933,29934.696,1,0,38369624,nmap,20,1.000,137.448,46968627.200,9517.702,1,0,370079348,env,50,1.000,4.919,1974272.000,11037.976,1,0,10534465,82.600,308.583,3306856448.000,3338637312.000,11.939,12.065,122622.000,1315141.000,45,0
figlet,130,1.000,20.865,14217693.867,29150.424,1,0,8591652,nmap,20,1.000,129.507,26602856.838,9057.453,1,0,173294303,env,60,1.000,5.913,7772808.533,12610.484,1,0,7134985,81.667,273.283,3265718272.000,3285723136.000,11.776,11.855,199378.000,1379352.000,60,0
figlet,130,1.000,20.529,14299818.667,29007.447,1,0,55653842,nmap,20,1.000,135.014,30045525.333,9325.545,1,0,314842305,env,60,1.000,6.051,7769429.333,12837.612,1,0,10260609,81.733,263.750,3275341824.000,3292992512.000,11.814,11.884,201702.000,1409865.750,45,0
figlet,130,1.000,19.959,14466218.667,26816.726,1,0,82471483,nmap,20,1.000,129.849,40203264.000,8841.669,1,0,350054877,env,60,1.000,6.234,7776426.667,11542.749,2,0,10958920,88.333,258.250,3278340096.000,3312687104.000,11.796,11.932,208624.000,1315170.250,45,0
figlet,130,1.000,19.236,14421504.000,29502.010,1,0,132341757,nmap,20,1.000,127.159,33039872.000,9756.776,1,0,515116965,env,70,1.000,6.560,1901909.333,14736.431,1,0,14694066,90.467,317.778,3303544832.000,3344631296.000,11.895,12.060,226085.000,1779078.375,30,0
figlet,130,1.000,19.674,15456085.333,40817.967,1,0,88311169,nmap,20,1.000,127.061,36858880.000,12844.893,1,0,389796713,env,70,1.000,6.720,1671168.000,20878.134,1,0,12042300,88.067,308.117,3304904704.000,3330524160.000,11.910,12.012,226356.000,1715842.625,40,0
figlet,130,1.000,19.805,1959936.000,28432.912,1,0,73328970,nmap,20,1.000,119.796,32658602.667,9410.617,1,0,392434852,env,70,1.000,6.680,7890773.333,15661.462,1,0,14157128,83.867,277.250,3298594816.000,3315749888.000,11.886,11.954,190146.000,1239827.500,40,0
figlet,130,1.000,19.762,15509772.190,31084.870,1,0,8811955,nmap,20,1.000,120.850,27874099.200,9643.522,1,0,168220181,env,80,1.000,7.313,7916032.000,17662.650,1,0,7102976,85.533,280.200,3317334016.000,3318265856.000,11.960,11.963,203882.000,1426464.250,65,0
figlet,130,1.000,20.966,15474517.333,30590.689,1,0,116541141,nmap,20,1.000,133.402,38802261.333,9757.036,1,0,443630155,env,80,1.000,8.189,2023424.000,18203.346,1,0,15120796,99.200,271.417,3310186496.000,3322911744.000,11.931,11.982,225564.000,1458711.375,45,0
figlet,130,1.000,18.958,15513941.333,28034.419,1,0,9480116,nmap,20,1.000,127.091,1830912.000,8719.410,1,0,184668286,env,80,1.000,7.358,7897941.333,16060.998,1,0,7548971,91.000,257.555,3297583104.000,3300502016.000,11.884,11.895,197205.000,1422908.250,60,0
figlet,130,1.000,19.396,1873783.467,32231.396,2,0,38567742,nmap,20,1.000,134.448,42200064.000,11059.330,1,0,298365593,env,90,1.000,8.556,1755545.600,21040.548,2,0,18567784,93.133,269.467,3308756992.000,3331977216.000,11.927,12.022,231102.000,1935994.250,30,0
figlet,130,1.000,18.072,15513088.000,31745.704,1,0,9048456,nmap,20,1.000,120.283,28487509.333,10302.777,1,0,187362220,env,90,1.000,7.976,8191488.000,20901.519,1,0,7418884,85.933,300.950,3318120448.000,3342266880.000,11.967,12.063,187696.000,1446788.625,55,0
figlet,130,1.000,18.696,15494826.667,31269.840,1,0,24253709,nmap,20,1.000,110.592,29033832.838,10118.638,1,0,292109612,env,90,1.000,7.654,1753088.000,20515.561,1,0,10295267,86.667,294.933,3340206080.000,3362793984.000,12.056,12.145,189476.000,1445428.625,45,0
figlet,130,1.000,19.765,15611323.733,29837.278,1,0,104343623,nmap,20,1.000,133.731,39380343.467,9721.256,1,0,446483319,env,100,1.000,10.050,8252142.933,22376.148,1,0,15918233,83.667,285.686,3341379584.000,3382533632.000,12.061,12.225,194858.000,1405594.750,45,0
figlet,130,1.000,21.226,15573162.667,28282.723,1,0,55245874,nmap,20,1.000,140.168,53629098.667,9279.103,1,0,431891688,env,100,1.000,10.512,8209237.333,20739.698,2,0,16760046,87.133,275.104,3340408832.000,3369598464.000,12.059,12.174,219254.000,1376636.625,45,0
figlet,130,1.000,17.161,15458786.743,38151.418,1,0,10674606,nmap,20,1.000,117.697,28682922.667,11683.344,1,0,188797529,env,100,1.000,8.922,8241937.067,26977.246,1,0,8655535,80.600,295.750,3309160448.000,3322468864.000,11.934,11.987,163733.000,1635425.375,70,0
figlet,130,1.000,19.704,15500253.867,33849.936,1,0,9451746,nmap,20,1.000,126.502,28603972.267,11150.660,1,0,187652861,env,110,1.000,10.816,1899178.667,26706.298,1,0,7866370,98.000,289.867,3341377536.000,3356342784.000,12.061,12.122,225907.000,1826112.875,30,0
figlet,130,1.000,20.451,15557120.000,24645.001,1,0,64510657,nmap,20,1.000,133.518,37569536.000,8038.453,1,0,539157855,env,110,1.000,10.922,1855488.000,19040.795,1,0,31044135,84.533,265.917,3342391296.000,3377144320.000,12.067,12.205,187729.000,1218001.875,40,0
figlet,130,1.000,19.675,15585280.000,24218.957,2,0,117851040,nmap,20,1.000,132.570,49211221.333,8385.528,1,0,642640638,env,110,1.000,10.614,8632832.000,19464.195,2,0,38325485,93.800,266.050,3379501056.000,3395640832.000,12.219,12.283,229643.000,1247662.250,50,0
figlet,130,1.000,20.497,15622656.000,39931.916,1,0,76187530,nmap,20,1.000,133.775,54906368.000,13581.795,1,0,601916849,env,120,1.000,11.400,8785066.667,34462.248,1,0,38179953,83.000,345.083,3383566336.000,3395615232.000,12.238,12.286,198676.000,1691513.375,40,0
figlet,130,1.000,18.450,15518924.800,37476.326,1,0,9779840,nmap,20,1.000,126.604,27311069.867,12071.471,1,0,195210425,env,120,1.000,10.938,8753673.752,31839.563,1,0,8234726,88.000,305.950,3293870080.000,3309385728.000,11.880,11.942,185103.000,1694217.875,60,0
figlet,130,1.000,19.222,15519846.400,35821.611,1,0,106322438,nmap,20,1.000,121.543,30353968.762,11577.925,1,0,547219875,env,120,1.000,11.484,8764888.990,30868.882,1,0,27981955,87.333,293.450,3294083072.000,3323859456.000,11.881,11.999,211312.000,1653772.000,45,0
figlet,130,1.000,20.835,15732224.000,26221.862,1,0,118833571,nmap,20,1.000,136.087,48817493.333,8334.456,1,0,627289040,env,130,1.000,13.314,9178112.000,24866.672,2,0,64794206,81.800,288.017,3325593600.000,3348178432.000,12.010,12.100,118957.000,1243636.500,45,0
figlet,130,1.000,20.595,15618218.667,25385.901,1,0,106394789,nmap,20,1.000,140.804,55893845.333,8287.305,2,0,683060199,env,130,1.000,13.234,10894506.667,23231.683,2,0,71662849,84.600,281.150,3347019776.000,3460156928.000,12.102,12.553,199688.000,1254844.625,45,0
figlet,130,1.000,17.801,15519914.667,36750.357,1,0,9923959,nmap,20,1.000,122.704,25066496.000,11877.053,1,0,207771224,env,130,1.000,11.124,11257685.333,34105.698,1,0,8647971,85.533,313.331,3356694528.000,3360944640.000,12.144,12.160,206577.000,1656888.750,55,0
figlet,130,1.000,17.743,15558656.000,36461.390,1,0,10492633,nmap,20,1.000,127.620,27293481.448,12128.774,1,0,211014089,env,140,1.000,12.587,11236800.610,35985.791,1,0,8820651,84.533,308.700,3320408064.000,3329329152.000,11.998,12.034,211773.000,1700091.750,45,0
figlet,130,1.000,21.185,15667712.000,35122.207,1,0,122194227,nmap,20,1.000,141.812,1924096.000,11473.771,1,0,768091970,env,140,1.000,14.247,11424597.333,34789.542,1,0,127877959,80.133,299.918,3333230592.000,3413227520.000,12.050,12.369,221658.000,1625874.000,45,0
figlet,130,1.000,21.297,15594837.333,28598.192,2,0,42496737,nmap,20,1.000,145.555,1833984.000,9359.828,1,0,655159485,env,140,1.000,14.384,13621248.000,29174.698,2,0,41443238,86.533,293.783,3346210816.000,3364101120.000,12.119,12.190,198660.000,1432264.375,45,0
figlet,130,1.000,18.492,15613952.000,37020.579,1,0,11294765,nmap,20,1.000,120.658,30211584.000,12220.165,1,0,206401628,env,150,1.000,12.876,1871872.000,38746.020,1,0,8991772,85.400,321.900,3358388224.000,3372093440.000,12.167,12.220,202013.000,1651983.625,40,0
figlet,130,1.000,16.834,15554379.581,34889.914,1,0,10992906,nmap,20,1.000,135.405,32579291.429,11427.940,1,0,223267980,env,150,1.000,12.690,13572505.600,36720.202,1,0,9046821,83.267,307.950,3324962816.000,3351452160.000,12.031,12.137,223310.000,1649958.875,60,0
figlet,130,1.000,19.473,15604053.333,35368.632,1,0,77614331,nmap,20,1.000,139.825,1825109.333,11320.492,1,0,763522205,env,150,1.000,14.449,13549587.505,37016.970,1,0,46159709,80.600,300.217,3373029376.000,3396673024.000,12.221,12.315,209679.000,1607849.500,45,0
figlet,130,1.000,20.592,15661875.200,34654.018,1,0,78728123,nmap,20,1.000,138.726,60639368.533,11474.157,1,0,1071611541,env,160,1.000,15.613,14149870.933,38423.359,1,0,118795648,87.133,303.504,3375269888.000,3405485056.000,12.235,12.357,194712.000,1636210.500,45,0
figlet,130,1.000,20.888,15716352.000,34919.676,1,0,85222388,nmap,20,1.000,137.695,59339434.667,11752.330,1,0,863016678,env,160,1.000,15.860,1829546.667,40281.246,1,0,107585101,92.600,291.783,3361689600.000,3409533440.000,12.192,12.383,234697.000,2022181.875,30,0
figlet,130,1.000,19.860,15597909.333,27928.129,2,0,104644420,nmap,20,1.000,132.933,50610346.667,8696.020,1,0,1064319962,env,160,1.000,14.970,1847296.000,30818.716,2,0,124381360,100.533,277.533,3359707136.000,3418863616.000,12.185,12.420,191079.000,1582214.500,30,0
figlet,130,1.000,19.291,15737344.000,36724.009,1,0,146157589,nmap,20,1.000,126.653,60794368.000,12923.128,1,0,1128514656,env,170,1.000,15.882,1638400.000,45296.986,1,0,235458283,81.133,342.233,3364210688.000,3403508224.000,12.204,12.363,186021.000,1642245.375,40,0
figlet,130,1.000,19.915,15619510.857,36521.456,1,0,97555102,nmap,20,1.000,126.784,1969629.867,12462.689,1,0,882085624,env,170,1.000,14.743,22536933.181,44032.835,1,0,162755394,83.400,339.535,3406125056.000,3525481984.000,12.395,12.868,214382.000,1684315.750,45,0
figlet,130,1.000,18.371,15790933.333,36756.450,1,0,116250874,nmap,20,1.000,137.709,39865651.200,11804.472,1,0,852050921,env,170,1.000,17.020,22544315.733,42710.797,1,0,144105142,53.400,292.036,3380244480.000,3382947328.000,12.288,12.299,214022.000,1695764.375,75,0
figlet,130,1.000,19.537,15749120.000,33188.512,1,0,11083492,nmap,20,1.000,131.065,34571264.000,10853.950,1,0,250579724,env,180,1.000,16.520,22456832.000,40650.487,1,0,10101677,86.133,280.717,3383597056.000,3378001920.000,12.303,12.280,221265.000,1691448.750,75,0
figlet,130,1.000,19.038,15699968.000,23899.547,2,0,16413456,nmap,20,1.000,125.421,30652245.333,7936.109,2,0,350542941,env,180,1.000,15.873,22539264.000,29391.428,2,0,26404327,84.667,267.667,3354832896.000,3383675392.000,12.188,12.302,139404.000,1266635.125,45,0
figlet,130,1.000,20.730,15757312.000,31560.441,1,0,86739811,nmap,20,1.000,144.265,56016627.810,9777.345,1,0,1055679688,env,180,1.000,17.014,22593409.219,38574.896,1,0,171917306,82.600,310.319,3394052096.000,3426814976.000,12.345,12.475,195800.000,1445572.625,40,0
figlet,130,1.000,21.118,15821312.000,28016.153,2,0,138009504,nmap,20,1.000,138.936,91939840.000,9624.937,2,0,1555160682,env,190,1.000,19.012,22996650.667,36596.073,1,0,279689047,88.733,298.683,3434096640.000,3481620480.000,12.508,12.698,190126.000,1426966.125,45,0
figlet,130,1.000,17.082,15758506.667,37916.383,1,0,11313934,nmap,20,1.000,125.068,30482285.714,12928.015,1,0,248364104,env,190,1.000,15.461,24293205.333,49868.016,1,0,10719608,83.867,324.550,3397185536.000,3418661888.000,12.368,12.453,193679.000,1777267.500,70,0
figlet,130,1.000,19.953,15716264.229,37502.414,1,0,101011499,nmap,20,1.000,124.999,41135815.924,11957.431,1,0,1000077819,env,190,1.000,16.661,1945600.000,49445.442,1,0,314048496,87.600,317.217,3349663744.000,3361541632.000,12.144,12.192,203082.000,1726965.000,45,0
figlet,130,1.000,20.301,15771648.000,26775.586,2,0,92726471,nmap,20,1.000,139.031,76158976.000,9350.848,1,0,1411744686,env,200,1.000,19.847,27685376.000,37577.160,1,0,318347164,87.533,297.167,3450023936.000,3504575488.000,12.560,12.777,230512.000,1457054.375,45,0
figlet,130,1.000,18.861,15659690.667,25405.398,1,0,12451389,nmap,20,1.000,129.752,33221802.667,8619.508,2,0,296748030,env,200,1.000,17.097,27390976.000,34063.423,2,0,11803703,84.200,348.871,3428616192.000,3430823936.000,12.476,12.484,192285.000,1360444.125,45,0
figlet,130,1.000,17.919,15735296.000,38067.384,1,0,12129570,nmap,20,1.000,119.908,33424042.667,12987.370,1,0,285443988,env,200,1.000,17.765,27277287.619,51601.380,1,0,11132081,82.000,333.783,3398692864.000,3424664064.000,12.352,12.456,191899.000,1752306.500,55,0
figlet,130,1.000,19.658,15679112.533,33512.180,1,0,85148235,nmap,30,1.000,200.563,46507836.952,17027.887,1,0,615109477,env,0,1.000,0.067,27179134.781,106.545,1,0,0,86.600,314.700,3374331904.000,3403564032.000,12.256,12.372,225999.000,1704851.875,45,0
figlet,130,1.000,18.568,15696896.000,30987.173,2,0,49383582,nmap,30,1.000,189.893,1891293.867,15730.826,2,0,457535741,env,0,1.000,0.082,27178154.667,170.351,1,0,0,94.933,284.952,3403208704.000,3407867904.000,12.372,12.390,232186.000,2050461.875,30,0
figlet,130,1.000,17.622,15767888.457,37757.774,1,0,44974504,nmap,30,1.000,196.163,52926620.038,18625.668,1,0,894101072,env,0,1.000,0.086,27179008.000,258.158,1,0,0,82.067,327.967,3389544448.000,3446006784.000,12.317,12.541,210467.000,1861785.375,40,0
figlet,130,1.000,21.427,15826261.333,28129.135,1,0,63663641,nmap,30,1.000,205.040,114419200.000,13745.893,1,0,1293587002,env,10,1.000,1.223,27186688.000,2628.187,1,0,12896699,83.133,319.800,3367084032.000,3415532544.000,12.228,12.422,187851.000,1446700.625,45,0
figlet,130,1.000,18.805,15761749.333,26949.962,1,0,13401651,nmap,30,1.000,188.969,35467264.000,14009.256,1,0,239371489,env,10,1.000,1.016,27190272.000,2388.443,1,0,9900812,90.467,294.267,3382775808.000,3400511488.000,12.293,12.363,198851.000,1498405.375,45,0
figlet,130,1.000,17.918,15665664.000,25146.420,2,0,14431540,nmap,30,1.000,182.388,37385728.000,12906.160,2,0,279907070,env,10,1.000,0.981,27178666.667,2236.856,2,0,10433825,85.333,352.200,3366465536.000,3378349056.000,12.227,12.275,208583.000,1451412.375,60,0
figlet,130,1.000,20.297,15771989.333,34587.844,1,0,37734767,nmap,30,1.000,202.357,1877504.000,16919.259,1,0,933195031,env,20,1.000,2.102,27187712.000,5623.409,1,0,11875912,78.600,317.892,3367362560.000,3387138048.000,12.231,12.310,220666.000,1742123.250,40,0
figlet,130,1.000,18.081,15736661.333,31091.205,2,0,50513465,nmap,30,1.000,181.499,1848627.200,16520.553,2,0,823342194,env,20,1.000,1.918,1929898.667,5209.546,2,0,11770188,100.933,284.567,3403794432.000,3404451840.000,12.376,12.379,224955.000,2165937.000,30,0
figlet,130,1.000,19.871,15712621.714,28396.062,1,0,138925888,nmap,30,1.000,176.799,2048870.400,15205.034,1,0,1058805864,env,20,1.000,1.706,1769472.000,4480.045,1,0,14177876,84.800,308.583,3391825920.000,3443461120.000,12.330,12.536,201152.000,1550582.125,35,0
figlet,130,1.000,20.814,15774720.000,24915.377,2,0,36479055,nmap,30,1.000,193.713,1867264.000,12535.877,2,0,2039496374,env,30,1.000,3.183,27243008.000,6524.911,1,0,12987643,81.467,301.150,3363692544.000,3469631488.000,12.221,12.641,198538.000,1394054.125,50,0
figlet,130,1.000,17.253,15718400.000,37518.266,1,0,13274134,nmap,30,1.000,179.344,37893973.333,19509.269,1,0,283467668,env,30,1.000,2.690,27203584.000,9115.812,1,0,10437198,81.733,348.767,3354972160.000,3374060544.000,12.186,12.261,200138.000,1873871.000,70,0
figlet,130,1.000,20.130,15776597.333,33444.680,1,0,78301981,nmap,30,1.000,188.366,76534540.190,16842.517,1,0,1358025821,env,30,1.000,3.336,27207850.667,8816.131,2,0,13467195,91.000,325.167,3348432896.000,3395555840.000,12.160,12.347,206466.000,1764866.250,45,0
figlet,130,1.000,19.603,15849130.667,30068.005,2,0,53816103,nmap,30,1.000,188.449,126884181.333,14319.039,2,0,2062837752,env,40,1.000,4.382,27214677.333,10415.518,2,0,14236282,82.200,295.750,3347595264.000,3427048960.000,12.159,12.474,235416.000,1701130.000,45,0
figlet,130,1.000,17.894,15720652.800,29727.115,1,0,13394278,nmap,30,1.000,170.044,39889905.371,15124.934,1,0,275210663,env,40,1.000,3.717,27218636.800,9468.358,1,0,10032910,83.133,330.950,3338264576.000,3358455296.000,12.122,12.201,202813.000,1585034.625,40,0
figlet,130,1.000,19.049,15662421.333,29391.857,1,0,14225951,nmap,30,1.000,201.115,45723818.667,15530.787,1,0,324816506,env,40,1.000,3.964,27217920.000,9629.363,1,0,10435019,85.533,316.867,3329374208.000,3367764480.000,12.085,12.238,203790.000,1625892.125,60,0
figlet,130,1.000,18.994,1951744.000,28183.148,2,0,62808362,nmap,30,1.000,192.403,73392298.667,13797.001,2,0,1632311558,env,50,1.000,4.895,27230720.000,11768.152,2,0,14013417,93.000,300.550,3324211200.000,3382091264.000,12.064,12.295,217627.000,1547560.875,45,0
figlet,130,1.000,19.942,15715840.000,34283.207,1,0,39595246,nmap,30,1.000,208.733,44971739.429,17853.991,1,0,515628127,env,50,1.000,4.952,27223990.857,13975.438,1,0,12997418,84.467,329.801,3367696384.000,3418988032.000,12.242,12.446,208134.000,1860789.625,85,0
figlet,130,1.000,18.272,1867776.000,36703.854,1,0,43451581,nmap,30,1.000,182.548,67808597.333,17362.325,1,0,1382206611,env,50,1.000,4.673,1835008.000,14879.440,1,0,13516834,89.533,368.830,3375220736.000,3447343104.000,12.274,12.561,210301.000,1677827.500,40,0
figlet,130,1.000,21.525,15983957.333,30285.960,1,0,66584692,nmap,30,1.000,202.344,138097493.333,13616.885,2,0,2730125166,env,60,1.000,6.690,27223552.000,14486.792,1,0,16124073,81.467,333.977,3367905280.000,3477044224.000,12.244,12.678,217493.000,1541703.500,45,0
figlet,130,1.000,17.675,15785301.333,40108.886,1,0,15425138,nmap,30,1.000,188.205,76237141.333,21991.607,1,0,736167729,env,60,1.000,5.373,1912832.000,20010.440,1,0,11958131,85.067,377.333,3383255040.000,3445222912.000,12.306,12.552,197121.000,2034808.000,40,0
figlet,130,1.000,16.900,15744682.667,38263.116,1,0,14135723,nmap,30,1.000,198.644,51403044.571,19408.562,1,0,503219120,env,60,1.000,5.439,27262634.667,17881.402,1,0,10872833,82.067,347.710,3393529856.000,3422016000.000,12.346,12.460,185275.000,1944504.250,60,0
figlet,130,1.000,19.516,15738684.952,31651.473,1,0,93019750,nmap,30,1.000,204.607,76336981.333,15630.423,1,0,1450660176,env,70,1.000,7.059,27242837.333,17159.977,1,0,15340722,88.267,337.768,3373008896.000,3408960000.000,12.265,12.408,200894.000,1684158.375,45,0
figlet,130,1.000,18.439,15731200.000,34932.649,1,0,79168888,nmap,30,1.000,171.538,94581077.333,16744.673,1,0,2142755319,env,70,1.000,6.757,1888256.000,19178.606,1,0,15996033,82.000,356.878,3364329472.000,3472249344.000,12.232,12.661,189221.000,1701160.000,40,0
figlet,130,1.000,18.716,15809024.000,29407.439,2,0,13862570,nmap,30,1.000,190.437,76402346.667,14517.113,1,0,967011759,env,70,1.000,6.537,27228501.333,16139.560,1,0,11003895,83.400,317.417,3388379136.000,3425562624.000,12.327,12.475,196223.000,1661988.125,45,0
figlet,130,1.000,17.198,15744341.333,38697.705,1,0,14838387,nmap,30,1.000,178.440,66045781.333,20231.079,1,0,641767218,env,80,1.000,6.901,27275093.333,25005.037,1,0,11967433,84.400,367.967,3370121216.000,3414093824.000,12.254,12.429,210231.000,1969155.875,55,0
figlet,130,1.000,18.850,15819322.514,39351.945,1,0,64236141,nmap,30,1.000,157.463,128428544.000,16660.926,1,0,2964609728,env,80,1.000,7.591,27285230.933,24889.347,2,0,14451548,92.733,354.083,3379306496.000,3498462208.000,12.290,12.764,188013.000,1852399.125,60,0
figlet,130,1.000,18.132,15832917.333,24144.554,2,0,15503595,nmap,30,1.000,187.551,70973781.333,12440.356,2,0,901873795,env,80,1.000,7.095,27268096.000,15319.667,2,0,11582535,95.800,296.667,3448434688.000,3493822976.000,12.566,12.747,211506.000,1376494.125,60,0
figlet,130,1.000,18.087,15786934.857,34036.163,1,0,14709928,nmap,30,1.000,172.892,95298048.000,17027.842,1,0,1421565712,env,90,1.000,7.686,27283260.952,23747.606,1,0,11455409,83.600,352.367,3422429184.000,3538472448.000,12.463,12.925,200839.000,1792264.875,40,0
figlet,130,1.000,19.868,15889408.000,31221.080,2,0,93753834,nmap,30,1.000,189.285,99836245.333,14954.636,2,0,2135853625,env,90,1.000,8.820,27258880.000,21949.205,2,0,17210505,84.600,321.367,3379490816.000,3444801024.000,12.293,12.553,195233.000,1626605.750,45,0
figlet,130,1.000,18.143,15814280.533,35386.526,2,0,15609491,nmap,30,1.000,198.271,129677667.962,17665.466,1,0,1788958498,env,90,1.000,8.740,27328950.857,24826.819,2,0,12019120,91.267,339.667,3421720576.000,3525649408.000,12.463,12.876,202319.000,1885940.875,55,0
figlet,130,1.000,20.205,15788373.333,44855.766,1,0,84128613,nmap,30,1.000,178.797,187748864.000,20429.343,1,0,4117976051,env,100,1.000,9.991,1888938.667,34822.624,1,0,19365524,94.467,376.517,3388717056.000,3564445184.000,12.332,13.031,232172.000,2495332.875,25,0
figlet,130,1.000,18.612,15787349.333,26475.513,2,0,15675187,nmap,30,1.000,185.892,1884160.000,13261.766,2,0,1842779517,env,100,1.000,8.899,27278336.000,19684.199,2,0,12218908,87.733,304.133,3383281664.000,3442949120.000,12.315,12.552,197692.000,1625117.750,60,0
figlet,130,1.000,21.118,15763187.810,31692.175,2,0,57848555,nmap,30,1.000,177.981,165364940.800,14260.549,2,0,3604899990,env,100,1.000,9.196,27241774.324,25088.307,2,0,18792397,87.600,343.283,3417325568.000,3521498624.000,12.451,12.866,209366.000,1597780.875,55,0
figlet,130,1.000,19.552,15965291.276,35741.583,1,0,129552035,nmap,30,1.000,158.172,1836646.400,16183.817,1,0,4322175656,env,110,1.000,10.981,1703936.000,30045.503,2,0,66173810,88.800,359.417,3415588864.000,3580486144.000,12.446,13.102,225358.000,1728804.875,40,0
figlet,130,1.000,17.810,15841109.333,39377.080,1,0,15637561,nmap,30,1.000,171.815,145452714.667,19813.376,1,0,2332918430,env,110,1.000,9.785,27315370.667,33332.424,1,0,11997938,88.067,367.080,3397003264.000,3546659328.000,12.374,12.968,222905.000,1959522.000,55,0
figlet,130,1.000,19.704,15984469.333,33264.699,2,0,115948426,nmap,30,1.000,189.357,135210496.000,17280.264,2,0,2375281584,env,110,1.000,10.885,27412992.000,29221.763,2,0,33541828,83.533,324.633,3400730624.000,3497008640.000,12.388,12.771,199134.000,1823824.250,45,0
figlet,130,1.000,21.307,16187392.000,31041.982,2,0,162087818,nmap,30,1.000,179.277,169821832.533,14147.098,2,0,4426946595,env,120,1.000,12.757,27465728.000,28402.007,2,0,75075827,94.067,338.383,3441903616.000,3623969280.000,12.552,13.260,211777.000,1636361.000,40,0
figlet,130,1.000,21.177,16681642.667,28028.465,2,0,124504719,nmap,30,1.000,183.306,171391146.667,12448.617,2,0,4303423855,env,120,1.000,12.935,27539626.667,26183.004,2,0,78031567,84.733,334.467,3495569408.000,3616321536.000,12.738,13.221,216245.000,1463775.875,40,0
figlet,130,1.000,19.917,16437955.048,32388.984,1,0,18283993,nmap,30,1.000,187.071,161728682.667,15938.349,2,0,2789871552,env,120,1.000,10.645,27386368.000,29271.775,2,0,14176568,90.533,345.741,3460040704.000,3604535296.000,12.604,13.178,206536.000,1784852.375,40,0
figlet,130,1.000,17.355,16445269.333,38596.135,1,0,14963098,nmap,30,1.000,174.912,141711872.000,18238.498,1,0,2492935190,env,130,1.000,10.901,27425962.667,37502.620,1,0,11985494,86.200,366.297,3429234688.000,3564946432.000,12.481,13.020,187951.000,1953427.625,55,0
figlet,130,1.000,21.011,16507221.333,31645.096,2,0,96029544,nmap,30,1.000,168.238,1835008.000,13816.098,2,0,5167415788,env,130,1.000,12.896,27497301.333,30555.295,2,0,23048768,94.000,306.567,3440248832.000,3549314048.000,12.525,12.958,178993.000,1663138.625,60,0
figlet,130,1.000,17.882,16351914.667,36998.109,1,0,14484625,nmap,30,1.000,172.193,137819477.333,17727.732,1,0,2890564680,env,130,1.000,11.315,1634304.000,36513.600,1,0,12075164,84.067,378.067,3448657920.000,3583597056.000,12.558,13.094,143167.000,1792930.625,35,0
figlet,130,1.000,18.484,16495445.333,26594.748,2,0,91974611,nmap,30,1.000,176.941,131705685.333,12288.369,2,0,3111303806,env,140,1.000,12.580,27455658.667,27506.484,2,0,88346422,83.267,306.967,3389550592.000,3498762240.000,12.324,12.757,204466.000,1514311.750,60,0
figlet,130,1.000,19.889,16527018.667,28586.569,2,0,138359902,nmap,30,1.000,166.291,157665792.000,12129.290,2,0,4683338749,env,140,1.000,13.175,27512320.000,28620.866,2,0,45671111,92.800,304.450,3449942016.000,3592065536.000,12.566,13.130,219784.000,1523987.000,40,0
figlet,130,1.000,19.625,1708032.000,41690.317,2,0,138073098,nmap,30,1.000,157.759,1894638.933,18606.840,2,0,5157963227,env,140,1.000,13.325,1794048.000,43714.929,2,0,106103049,87.867,373.500,3436492800.000,3608823808.000,12.514,13.200,234341.000,1902123.625,35,0
figlet,130,1.000,17.789,16426837.333,41285.931,2,0,54284002,nmap,30,1.000,169.120,154158762.667,19920.301,2,0,5094810511,env,150,1.000,13.226,27458730.667,44605.818,2,0,62221003,101.467,359.733,3472392192.000,3615800832.000,12.662,13.232,194738.000,2467449.750,25,0
figlet,130,1.000,20.348,16411379.810,31202.372,2,0,128863415,nmap,30,1.000,201.497,1974340.267,16307.235,2,0,4779768598,env,150,1.000,14.728,27435758.933,34176.685,2,0,127171149,102.000,348.400,3454175232.000,3641580032.000,12.589,13.334,182224.000,2084633.500,25,0
figlet,130,1.000,18.509,16589824.000,27698.860,2,0,175571713,nmap,30,1.000,177.034,158427648.000,13553.556,2,0,3718407511,env,150,1.000,13.964,27477845.333,30712.523,2,0,181050396,84.933,312.417,3427915776.000,3563360768.000,12.484,13.021,205193.000,1571805.250,85,0
figlet,130,1.000,19.552,16557909.333,28245.023,2,0,128019185,nmap,30,1.000,157.890,166212608.000,11884.662,2,0,5550128154,env,160,1.000,15.193,27600554.667,32995.930,2,0,164957217,90.133,305.883,3509407744.000,3641357824.000,12.813,13.337,219512.000,1530857.000,40,0
figlet,130,1.000,20.372,16705511.619,39850.153,2,0,121399905,nmap,30,1.000,152.046,143263914.667,16554.369,2,0,5735971100,env,160,1.000,14.587,27569493.333,46107.616,2,0,146323470,89.600,361.186,3492478976.000,3639377408.000,12.746,13.329,194691.000,1857198.000,35,0
figlet,130,1.000,17.975,16418011.429,31562.262,2,0,17376996,nmap,30,1.000,166.292,2070528.000,14613.841,2,0,4538707268,env,160,1.000,14.500,27476835.962,36969.831,2,0,15272942,103.600,346.967,3500339200.000,3661376512.000,12.776,13.415,199661.000,1732795.875,55,0
figlet,130,1.000,18.851,16448273.067,31204.334,2,0,15734591,nmap,30,1.000,176.768,154043352.990,13709.800,2,0,4642688875,env,170,1.000,14.910,1724416.000,37152.924,2,0,14769399,87.667,344.300,3445893120.000,3607119360.000,12.556,13.196,210052.000,1666187.750,40,0
figlet,130,1.000,21.642,16642218.667,28288.555,2,0,120526057,nmap,30,1.000,154.791,200192512.000,11618.471,2,0,6580572807,env,170,1.000,17.345,27697834.667,34028.050,2,0,185884288,86.333,311.467,3458183168.000,3594285568.000,12.605,13.146,195804.000,1444223.375,55,0
figlet,130,1.000,18.258,16470698.667,37254.683,2,0,113078862,nmap,30,1.000,151.810,182492403.810,16761.239,2,0,5552264702,env,170,1.000,14.796,27536042.667,47110.502,2,0,221364660,88.200,353.851,3511218176.000,3666471936.000,12.816,13.432,185510.000,1830518.625,80,0
figlet,130,1.000,20.116,16466944.000,32272.902,1,0,15489014,nmap,30,1.000,174.500,201409194.667,15070.771,1,0,4221525364,env,180,1.000,16.911,27569493.333,40868.429,1,0,14872805,89.800,319.100,3534934016.000,3626161664.000,12.913,13.276,235347.000,1768382.875,50,0
figlet,130,1.000,18.916,16507221.333,30911.755,2,0,14708514,nmap,30,1.000,175.888,184441924.267,13549.448,2,0,4237384962,env,180,1.000,14.403,27507633.981,38416.433,2,0,16143152,82.533,343.683,3431452672.000,3641606656.000,12.502,13.336,199209.000,1632805.750,45,0
figlet,130,1.000,18.837,16518314.667,30849.606,2,0,62332938,nmap,30,1.000,178.432,206520295.619,14502.046,2,0,4688770208,env,180,1.000,16.942,27574613.333,39391.739,2,0,121325912,93.467,337.967,3450388480.000,3604638208.000,12.577,13.190,219181.000,1744558.125,40,0
figlet,130,1.000,20.127,16502101.333,28738.366,2,0,112744080,nmap,30,1.000,157.519,166031530.667,11734.381,2,0,5915842833,env,190,1.000,17.801,27635370.667,39005.080,2,0,283328994,87.533,313.250,3502802944.000,3652569088.000,12.790,13.384,234723.000,1564515.500,40,0
figlet,130,1.000,17.490,16433152.000,39399.491,2,0,15608724,nmap,30,1.000,153.124,2050730.667,17240.515,2,0,4216838885,env,190,1.000,14.981,27482979.962,51315.484,2,0,18876990,93.733,360.267,3540211712.000,3639740928.000,12.936,13.330,228522.000,1978030.625,65,0
figlet,130,1.000,18.776,16576000.000,31584.434,2,0,134855235,nmap,30,1.000,147.151,170061892.267,12641.200,2,0,6451507538,env,190,1.000,16.365,27845290.667,41539.028,2,0,461919988,93.067,356.950,3470014464.000,3653243392.000,12.656,13.380,202277.000,1500074.375,55,0
figlet,130,1.000,19.277,16502442.667,24862.817,1,0,15882160,nmap,30,1.000,160.034,179961856.000,10841.543,1,0,4920039018,env,200,1.000,17.643,28438869.333,33586.015,1,0,16742076,84.800,305.450,3546415104.000,3648346112.000,12.937,13.345,201729.000,1292548.750,50,0
figlet,130,1.000,18.120,16378709.333,26134.114,2,0,16855381,nmap,30,1.000,159.531,182619989.333,11638.433,2,0,4777005606,env,200,1.000,16.915,28467541.333,36512.854,2,0,38444950,81.400,301.283,3462533120.000,3608947712.000,12.616,13.199,187559.000,1538477.375,45,0
figlet,130,1.000,18.438,16458069.333,40244.193,2,0,24793501,nmap,30,1.000,151.637,163727530.667,17250.985,2,0,5586234746,env,200,1.000,16.704,1687552.000,54355.190,2,0,35042852,91.533,372.100,3470465024.000,3624763904.000,12.654,13.268,222494.000,1968138.375,35,0
figlet,130,1.000,19.817,16510293.333,33356.753,2,0,102323709,nmap,40,1.000,213.872,172175360.000,18927.754,2,0,4995129441,env,0,1.000,0.090,28238848.000,354.741,1,0,0,85.000,326.183,3454971904.000,3606549504.000,12.595,13.197,227154.000,1824468.750,40,0
figlet,130,1.000,18.820,3805184.000,29117.397,3,0,69912876,nmap,40,1.000,194.020,1913075.810,18329.943,2,0,5384557725,env,0,1.000,0.073,28242090.667,288.646,1,0,0,93.800,336.254,3461136384.000,3602516992.000,12.620,13.184,227585.000,2053745.500,30,0
figlet,130,1.000,18.295,16454997.333,25791.211,2,0,67523708,nmap,40,1.000,217.934,146331477.333,16513.238,2,0,4068841409,env,0,1.000,0.060,28241920.000,101.753,1,0,0,81.933,310.333,3456217088.000,3589596160.000,12.604,13.134,186753.000,1557450.000,75,0
figlet,130,1.000,16.770,16384512.000,35780.608,2,0,54722288,nmap,40,1.000,204.386,166434645.333,20292.302,2,0,5196232509,env,10,1.000,1.110,28256090.210,3366.253,2,0,13955841,91.933,355.850,3480522752.000,3650926592.000,12.705,13.382,221530.000,1848137.625,35,0
figlet,130,1.000,20.186,16409600.000,28018.867,2,0,44267165,nmap,40,1.000,199.354,185317546.667,15879.594,2,0,5925948882,env,10,1.000,1.048,28247210.667,2456.239,2,0,13524169,88.533,303.117,3504261120.000,3674402304.000,12.793,13.470,230173.000,1603080.625,40,0
figlet,130,1.000,18.933,16353792.000,29514.467,2,0,15631548,nmap,40,1.000,218.449,178689024.000,19121.831,2,0,4023248398,env,10,1.000,1.032,28242261.333,2665.254,2,0,10887391,90.467,335.400,3499937792.000,3632377344.000,12.779,13.305,213861.000,1787610.250,35,0
figlet,130,1.000,17.661,16404650.667,24052.673,2,0,17190024,nmap,40,1.000,205.366,161329493.333,14065.128,2,0,4840029279,env,20,1.000,1.969,28248064.000,4259.585,2,0,12002965,86.067,305.433,3499663360.000,3614859776.000,12.778,13.236,202158.000,1467530.750,55,0
figlet,130,1.000,19.232,16437760.000,29702.444,2,0,85848872,nmap,40,1.000,208.788,1834154.667,16497.700,2,0,5232783788,env,20,1.000,2.030,28267178.667,4987.745,2,0,15277645,85.467,324.600,3512283136.000,3658966016.000,12.829,13.411,222322.000,1719836.375,35,0
figlet,130,1.000,19.037,16441958.400,34431.509,2,0,131696335,nmap,40,1.000,185.435,168211334.095,20533.476,2,0,5504386370,env,20,1.000,1.881,28264925.867,6057.815,2,0,13537666,86.933,345.633,3545845760.000,3674463744.000,12.963,13.474,221140.000,1827971.375,35,0
figlet,130,1.000,18.052,4079616.000,36458.073,3,0,100764137,nmap,40,1.000,188.800,164385962.667,19846.078,2,0,6055099647,env,30,1.000,2.920,28272469.333,9224.124,2,0,13524093,80.800,330.450,3519516672.000,3645064192.000,12.821,13.322,183969.000,1895034.500,90,0
figlet,130,1.000,17.786,16422229.333,23027.042,2,0,135094812,nmap,40,1.000,204.200,173859669.333,13766.558,2,0,4986560842,env,30,1.000,2.782,28258474.667,5926.645,2,0,15807751,81.867,381.067,3530467328.000,3687611392.000,12.869,13.493,188061.000,1416624.000,75,0
figlet,130,1.000,18.991,16391509.333,27537.393,2,0,17532526,nmap,40,1.000,208.500,162893141.333,16361.292,2,0,4893966421,env,30,1.000,2.884,28254890.667,6889.596,2,0,11329147,85.800,306.983,3540224000.000,3646676992.000,12.908,13.333,211765.000,1492441.000,120,0
figlet,130,1.000,18.080,16405591.771,30829.582,2,0,15054469,nmap,40,1.000,212.936,170629266.286,18382.941,2,0,4889203974,env,40,1.000,3.360,28267554.133,10155.422,1,0,11358396,90.533,321.767,3546658816.000,3662198272.000,12.940,13.399,226809.000,1742329.750,50,0
figlet,130,1.000,17.670,16517802.667,32927.688,2,0,111440597,nmap,40,1.000,199.202,179192978.286,18200.773,2,0,6099670167,env,40,1.000,3.713,1953792.000,11069.299,2,0,14654154,83.600,364.233,3546808320.000,3722379264.000,12.941,13.638,136119.000,1630572.625,40,0
figlet,130,1.000,17.818,16493226.667,38547.790,2,0,22038803,nmap,40,1.000,188.988,163074730.667,21153.629,2,0,5860771143,env,40,1.000,3.467,28170069.333,12235.329,2,0,12475339,77.000,365.500,3511463936.000,3738305536.000,12.793,13.696,193472.000,1923764.875,140,0
figlet,130,1.000,17.608,16511658.667,34005.972,1,0,44713163,nmap,40,1.000,186.432,175086933.333,18334.879,2,0,6302242072,env,50,1.000,4.355,28154197.333,13586.323,2,0,13620607,80.867,329.583,3531745280.000,3669224448.000,12.875,13.422,188660.000,1941311.875,90,0
figlet,130,1.000,17.397,16518314.667,35075.374,2,0,87650448,nmap,40,1.000,198.867,187566421.333,21390.479,2,0,6382647637,env,50,1.000,4.309,1716906.667,14428.072,2,0,14962018,97.267,370.550,3546271744.000,3733278208.000,12.937,13.680,181245.000,2210263.625,25,0
figlet,130,1.000,17.489,16392874.667,31754.024,2,0,135721705,nmap,40,1.000,181.266,164649642.667,18498.815,1,0,6207148495,env,50,1.000,4.505,28230656.000,13358.430,2,0,15242199,78.933,325.818,3547119616.000,3694163456.000,12.937,13.523,181221.000,1627367.375,90,0
figlet,130,1.000,15.789,16408771.048,37118.395,2,0,15854188,nmap,40,1.000,184.703,146769066.667,20878.734,2,0,5304127769,env,60,1.000,5.008,28215125.333,17773.000,2,0,11988238,88.267,360.931,3549528064.000,3701947392.000,12.952,13.557,219349.000,1923009.000,70,0
figlet,130,1.000,18.287,16544768.000,30012.061,2,0,133165745,nmap,40,1.000,192.417,170521429.333,17077.846,2,0,6236556159,env,60,1.000,5.570,28192938.667,14653.980,2,0,26535807,85.467,311.117,3542603776.000,3734530560.000,12.928,13.690,231735.000,1816007.875,40,0
figlet,130,1.000,18.029,16430080.000,23974.764,2,0,15356051,nmap,40,1.000,196.462,177227605.333,12929.948,3,0,5882956818,env,60,1.000,5.402,28080640.000,11376.531,2,0,11988648,87.333,300.300,3547420672.000,3657284608.000,12.948,13.383,204658.000,1415722.625,80,0
figlet,130,1.000,21.376,16547430.400,32569.834,3,0,75138580,nmap,40,1.000,217.149,1433600.000,18849.808,2,0,8413792808,env,70,1.000,7.737,2523818.667,18477.220,3,0,15183532,84.933,389.653,3544330240.000,3719140556.800,12.937,13.633,212366.000,1879767.600,55,0
figlet,130,1.000,16.962,16538112.000,31210.509,2,0,120248175,nmap,40,1.000,193.967,1949696.000,18590.028,2,0,6679273507,env,70,1.000,5.974,28101734.400,18287.947,2,0,16553304,85.333,327.517,3549249536.000,3723342336.000,12.958,13.650,212227.000,1704555.500,65,0
figlet,130,1.000,21.002,16506709.333,29909.736,2,0,94703899,nmap,40,1.000,197.103,169859925.333,14399.766,2,0,7384782917,env,70,1.000,7.417,17658538.667,17515.262,2,0,18162703,81.933,312.803,3493433344.000,3627373568.000,12.701,13.235,184910.000,1379083.750,290,0
figlet,130,1.000,20.944,1499136.000,45420.561,2,0,57156234,nmap,40,1.000,237.902,231926306.133,25197.440,3,0,7023148100,env,80,1.000,8.246,1400832.000,29542.292,2,0,21133441,84.000,373.920,3542953984.000,3754283417.600,12.916,13.772,178960.000,2464908.900,130,0
figlet,130,1.000,18.390,16518929.067,32159.123,2,0,104672826,nmap,40,1.000,163.506,163036842.667,15443.797,2,0,8165502278,env,80,1.000,7.735,17745408.000,19765.828,2,0,21408563,78.333,320.850,3547547648.000,3707276800.000,12.962,13.598,170522.000,1494615.125,175,0
figlet,130,1.000,21.256,16629248.000,33169.298,2,0,95177315,nmap,40,1.000,192.346,200151381.333,16153.217,2,0,7699314507,env,80,1.000,8.754,17732608.000,21389.538,2,0,19536150,83.200,314.040,3549521920.000,3688501760.000,12.975,13.529,171743.000,1586625.000,140,0
figlet,130,1.000,20.150,16552072.533,39730.730,2,0,19255040,nmap,40,1.000,237.074,247019246.933,21237.770,3,0,7045694304,env,90,1.000,8.916,1441792.000,27971.490,2,0,12678653,82.867,368.147,3544635392.000,3708046540.800,12.924,13.575,209563.000,2129795.900,130,0
figlet,130,1.000,21.923,16580132.084,47477.802,2,0,68735511,nmap,40,1.000,219.114,216918999.040,24385.056,2,0,7891960394,env,90,1.000,9.105,17779807.573,32649.639,2,0,16613354,82.200,377.893,3542634496.000,3683593830.400,12.917,13.480,181525.000,2167261.600,295,0
figlet,130,1.000,19.642,16515242.667,30787.971,2,0,15043057,nmap,40,1.000,203.941,203342506.667,18083.884,2,0,6246675022,env,90,1.000,8.839,17746090.667,22092.947,2,0,11646925,87.400,318.317,3550941184.000,3674087424.000,12.952,13.443,202332.000,1627488.250,110,0
figlet,130,1.000,20.974,16584891.246,36647.829,2,0,88541808,nmap,40,1.000,215.778,237176582.339,18401.414,2,0,8951993297,env,100,1.000,10.848,1372160.000,28140.011,2,0,38576390,79.400,370.257,3530688512.000,3783557939.200,12.876,13.883,186955.000,1854679.500,125,0
figlet,130,1.000,20.876,16690201.356,47952.538,2,0,88786961,nmap,40,1.000,211.429,219250317.410,25766.958,2,0,7925125893,env,100,1.000,10.373,17536614.400,38073.955,2,0,18432965,77.600,379.013,3545225216.000,3739195801.600,12.943,13.717,208145.000,2424251.100,135,0
figlet,130,1.000,22.119,1511424.000,46378.923,2,0,161155618,nmap,40,1.000,231.042,245535675.733,23322.112,2,0,8268345587,env,100,1.000,11.042,1437696.000,35414.470,2,0,49156759,81.800,368.400,3532312576.000,3720756019.200,12.894,13.647,177135.000,2203361.900,155,0
figlet,130,1.000,18.130,3883008.000,18657.763,3,0,15888954,nmap,40,1.000,171.046,190923093.333,9634.467,2,0,7440169749,env,110,1.000,9.720,2838528.000,15739.617,3,0,12208139,90.267,340.167,3544918016.000,3659325952.000,12.949,13.406,211527.000,1203138.000,165,0
figlet,130,1.000,20.935,17247982.933,51633.114,2,0,194313464,nmap,40,1.000,202.309,197245571.657,24831.601,2,0,9040838227,env,110,1.000,11.936,18340339.322,44336.992,2,0,62804138,86.333,381.293,3526006784.000,3776356761.600,12.875,13.874,196066.000,2457704.400,140,0
figlet,130,1.000,22.068,17234684.587,49771.421,2,0,63967675,nmap,40,1.000,206.751,263653758.293,24278.628,2,0,9110779187,env,110,1.000,11.177,18014574.690,42413.615,2,0,16354212,83.705,378.240,3549917184.000,3792207052.800,12.979,13.944,186462.000,2308230.800,585,0
figlet,130,1.000,20.583,17330858.667,37634.840,2,0,16270690,nmap,40,1.000,218.927,205402112.000,19641.227,2,0,7782200102,env,120,1.000,12.019,17554909.867,34565.224,2,0,12681681,95.133,364.400,3546517504.000,3778587033.600,12.964,13.888,176076.000,1884902.300,170,0
figlet,130,1.000,20.587,17424715.581,50320.820,2,0,154794542,nmap,40,1.000,201.630,192177520.640,25152.167,2,0,9213688618,env,120,1.000,11.657,18000035.840,44834.767,2,0,83409009,83.600,378.467,3547285504.000,3805918822.400,12.967,13.999,194483.000,2347521.900,255,0
figlet,130,1.000,18.404,17217877.333,24403.206,2,0,16134835,nmap,40,1.000,176.934,188512768.000,13273.436,2,0,7108853159,env,120,1.000,10.808,17685333.333,21946.771,2,0,13015299,85.533,297.217,3550474240.000,3691056640.000,12.982,13.542,206817.000,1286383.500,230,0
figlet,130,1.000,20.106,17342811.185,45491.763,2,0,181677985,nmap,40,1.000,207.565,209426595.840,23558.967,2,0,9246802636,env,130,1.000,13.442,18457687.771,46673.402,2,0,125805654,80.867,381.322,3548700672.000,3767648665.600,12.976,13.852,186194.000,2392740.400,180,0
figlet,130,1.000,20.116,17374003.200,44177.067,2,0,15534456,nmap,40,1.000,219.800,228432964.267,22533.536,2,0,7738607915,env,130,1.000,12.624,1253376.000,41391.739,2,0,12569592,79.733,355.107,3535898624.000,3729478451.200,12.940,13.711,179509.000,2104116.800,170,0
figlet,130,1.000,20.553,17406771.200,43954.023,2,0,15197503,nmap,40,1.000,212.690,226728127.147,23245.962,2,0,8041951990,env,130,1.000,12.220,20721500.160,43330.594,2,0,13224095,89.149,383.231,3533561856.000,3761369497.600,12.931,13.839,188801.000,2199393.800,150,0
figlet,130,1.000,20.683,17423018.667,49365.648,2,0,15263284,nmap,40,1.000,228.224,233378884.267,25673.939,2,0,7897548764,env,140,1.000,13.900,1576960.000,51503.583,2,0,12495435,86.133,369.987,3522705408.000,3674501120.000,12.888,13.493,195753.000,2408877.300,215,0
figlet,130,1.000,21.002,17394756.267,38525.836,2,0,94780724,nmap,40,1.000,213.958,1355776.000,19485.202,2,0,8770953251,env,140,1.000,14.196,20389478.400,40190.697,2,0,62301145,78.467,356.373,3544967168.000,3752732262.400,12.976,13.802,192654.000,1835582.000,110,0
figlet,130,1.000,21.911,17384516.267,49446.271,2,0,116030951,nmap,40,1.000,220.252,251503274.667,24535.313,2,0,9857011538,env,140,1.000,14.973,18421077.333,52907.608,2,0,93559400,79.000,369.040,3528425472.000,3797963571.200,12.902,13.974,195440.000,2223268.200,165,0
figlet,130,1.000,20.116,1433600.000,44813.488,2,0,18031701,nmap,40,1.000,203.330,213872093.867,22420.931,3,0,9080690352,env,150,1.000,14.233,1789952.000,48928.724,2,0,14286299,85.867,406.840,3533938688.000,3669394636.800,12.918,13.459,179453.000,2160202.300,125,0
figlet,130,1.000,19.141,1339392.000,50824.347,2,0,16182755,nmap,40,1.000,201.585,262567116.800,24405.067,2,0,8684756096,env,150,1.000,14.307,1302528.000,54966.893,2,0,13926785,80.133,404.240,3525253120.000,3798954393.600,12.883,13.973,198737.000,2439192.500,135,0
figlet,130,1.000,19.908,17369606.827,47571.840,2,0,16625583,nmap,40,1.000,209.626,242752498.347,23574.870,3,0,8946142014,env,150,1.000,14.358,1499136.000,52344.041,2,0,13164311,83.800,404.533,3545008128.000,3737748275.200,12.961,13.729,180811.000,2330993.400,150,0
figlet,130,1.000,19.613,3833856.000,43961.863,2,0,17071861,nmap,40,1.000,204.711,230861346.133,24864.718,1,0,8852214315,env,160,1.000,15.259,2906794.667,53380.107,2,0,14499860,94.867,389.493,3546601472.000,3739083571.200,12.967,13.728,199382.000,2494844.500,130,0
figlet,130,1.000,21.237,1433600.000,40807.812,2,0,20424300,nmap,40,1.000,218.357,244694357.333,20991.885,2,0,9581949782,env,160,1.000,16.333,1400832.000,46805.870,2,0,16866577,86.400,371.160,3545810944.000,3770558873.600,12.930,13.826,183996.000,1980025.500,200,0
figlet,130,1.000,20.646,17435880.107,47363.210,2,0,52005680,nmap,40,1.000,185.565,233005738.667,24196.034,2,0,9991703256,env,160,1.000,16.104,17741223.253,55470.130,2,0,65662132,80.333,377.960,3542611968.000,3774499635.200,12.918,13.842,210776.000,2378936.100,180,0
figlet,130,1.000,22.120,17494835.200,46156.153,2,0,87705311,nmap,40,1.000,190.567,222597350.156,22715.934,2,0,9853796309,env,170,1.000,18.038,1474560.000,56399.438,2,0,110243299,77.467,371.560,3550396416.000,3756838912.000,12.949,13.771,182409.000,2144505.400,210,0
figlet,130,1.000,23.214,17470668.800,43080.983,2,0,122846547,nmap,40,1.000,206.890,223985664.000,19755.372,2,0,10805392026,env,170,1.000,18.408,1323008.000,51319.127,2,0,155507950,83.933,371.320,3547396096.000,3748892672.000,12.940,13.745,192398.000,1897608.200,285,0
figlet,130,1.000,20.907,17386837.333,39750.752,2,0,41881969,nmap,40,1.000,208.311,255265587.200,19367.687,1,0,9500190060,env,170,1.000,17.042,19474705.067,48011.525,2,0,22853908,85.333,366.027,3547336704.000,3778310144.000,12.955,13.874,206342.000,1916170.900,360,0
figlet,130,1.000,22.422,17507396.267,51030.696,2,0,105427208,nmap,40,1.000,208.642,1282048.000,22831.785,2,0,10323986009,env,180,1.000,18.837,1523712.000,64346.714,2,0,218870908,81.600,368.973,3523950592.000,3731987660.800,12.851,13.682,183479.000,2399607.800,300,0
figlet,130,1.000,20.940,17380966.400,47035.582,2,0,15113633,nmap,40,1.000,213.890,238533836.800,24122.528,2,0,9468274849,env,180,1.000,18.011,1474560.000,61115.374,2,0,14601719,95.400,374.520,3547502592.000,3755845222.400,12.970,13.801,178728.000,2305064.800,180,0
figlet,130,1.000,20.788,17563882.057,44489.042,2,0,16528675,nmap,40,1.000,205.169,220527828.602,20775.901,3,0,9808379726,env,180,1.000,17.096,1478656.000,56291.447,2,0,15781441,87.200,401.493,3543820288.000,3769459916.800,12.947,13.846,152260.000,2132004.300,215,0
figlet,130,1.000,21.535,1449984.000,49782.604,2,0,174926372,nmap,40,1.000,175.112,218585634.133,22897.992,2,0,11927148244,env,190,1.000,19.773,24056744.229,66137.759,2,0,370981851,79.467,378.655,3545204736.000,3774624153.600,12.953,13.875,181189.000,2237770.000,115,0
figlet,130,1.000,19.862,17422570.057,43123.698,2,0,16164935,nmap,40,1.000,193.288,231131561.204,21067.815,3,0,10318558103,env,190,1.000,18.609,1464320.000,57082.578,2,0,15725363,77.467,392.093,3535396864.000,3779003187.200,12.947,13.918,203500.000,2188472.100,185,0
figlet,130,1.000,20.903,17479816.533,49857.940,2,0,16167195,nmap,40,1.000,212.734,1417216.000,24243.503,2,0,9608682509,env,190,1.000,18.276,1437696.000,64626.283,2,0,14882566,80.933,365.960,3545921536.000,3758574387.200,12.989,13.836,178611.000,2462983.800,310,0
figlet,130,1.000,22.534,17485824.000,40806.269,2,0,145073166,nmap,40,1.000,193.737,1724416.000,18445.499,2,0,12641231856,env,200,1.000,22.077,1306624.000,57537.089,2,0,365051748,80.400,364.911,3548299264.000,3826446336.000,12.993,14.088,174315.000,1797958.500,510,0
figlet,130,1.000,20.440,17503963.429,49389.031,2,0,15311504,nmap,40,1.000,190.687,215758894.811,23878.508,2,0,10085642112,env,200,1.000,17.891,1228800.000,69391.853,2,0,15914907,89.200,379.934,3539605504.000,3750338150.400,12.932,13.773,215438.000,2616100.300,280,0
figlet,130,1.000,21.274,17573751.467,48303.686,2,0,157327572,nmap,40,1.000,190.819,220065265.371,22797.461,2,0,10837930066,env,200,1.000,19.221,23069393.676,66902.023,2,0,220153213,85.333,375.293,3542560768.000,3749205606.400,12.945,13.769,214894.000,2323824.000,240,0
figlet,130,1.000,18.735,1404928.000,38086.564,2,0,15572104,nmap,50,1.000,266.618,212461677.227,24468.978,3,0,8604193072,env,0,1.000,0.061,25397521.067,148.167,1,0,0,90.067,387.387,3514986496.000,3736478924.800,12.845,13.728,210551.000,2106064.300,140,0
figlet,130,1.000,19.894,17432985.600,44767.417,2,0,16867164,nmap,50,1.000,271.758,249439982.933,28416.975,3,0,8420507867,env,0,1.000,0.055,25395882.667,151.332,1,0,0,94.200,385.080,3531741184.000,3755145625.600,12.917,13.807,218038.000,2441591.400,135,0
figlet,130,1.000,19.160,17436535.467,36968.516,2,0,15604251,nmap,50,1.000,270.551,211105655.467,25643.020,2,0,7845145044,env,0,1.000,0.053,25396428.800,88.426,1,0,0,87.800,369.267,3542157312.000,3753394176.000,12.958,13.800,202640.000,2008196.500,130,0
figlet,130,1.000,20.183,17379546.453,45936.168,2,0,16192482,nmap,50,1.000,242.016,1159168.000,28852.662,3,0,9017660653,env,10,1.000,1.079,1691648.000,4373.784,2,0,11330617,79.400,394.507,3550699520.000,3791698329.600,12.991,13.952,186137.000,2473991.300,170,0
figlet,130,1.000,21.004,17445683.200,38763.281,2,0,37614137,nmap,50,1.000,263.074,217506065.067,24127.731,2,0,9964183544,env,10,1.000,1.139,1527808.000,3549.225,2,0,13761029,81.133,368.240,3537309696.000,3699625164.800,12.938,13.586,190539.000,1950718.100,175,0
figlet,130,1.000,20.100,1454080.000,47244.435,2,0,17067114,nmap,50,1.000,258.661,240306039.467,31079.923,2,0,8331407580,env,10,1.000,1.192,1351680.000,4379.208,2,0,11704032,84.667,363.413,3547820032.000,3734924492.800,12.979,13.725,217310.000,2463620.700,225,0
figlet,130,1.000,22.249,17479953.067,48460.314,2,0,79194050,nmap,50,1.000,257.625,218845047.467,29473.728,2,0,10081913218,env,20,1.000,2.357,1556480.000,8507.507,2,0,13735339,82.133,368.573,3548108800.000,3752769126.400,12.980,13.796,175973.000,2331581.000,240,0
figlet,130,1.000,19.264,17424056.320,45976.267,2,0,15637804,nmap,50,1.000,266.470,226275148.556,29539.420,2,0,8908983671,env,20,1.000,2.068,25413604.693,8213.052,2,0,11679406,81.533,373.013,3548817408.000,3767311974.400,12.961,13.832,185949.000,2490458.000,355,0
figlet,130,1.000,21.425,17460428.800,49420.144,2,0,96344955,nmap,50,1.000,257.830,222347946.667,27451.375,2,0,10117529664,env,20,1.000,2.288,25414314.667,8745.563,2,0,14203091,82.133,369.707,3546894336.000,3768864358.400,12.954,13.839,182474.000,2288487.600,315,0
figlet,130,1.000,21.188,1134592.000,39239.912,2,0,103386612,nmap,50,1.000,239.909,212056746.667,22161.053,3,0,11014262256,env,30,1.000,3.316,25429742.933,10154.733,2,0,13479888,87.933,360.753,3548469248.000,3788645990.400,12.960,13.918,181846.000,1806931.200,210,0
figlet,130,1.000,21.679,17525785.356,46124.225,2,0,83154894,nmap,50,1.000,237.540,205982324.053,30688.703,2,0,9776093835,env,30,1.000,3.130,25427012.267,11496.585,2,0,13903865,84.200,377.493,3547899904.000,3729195008.000,12.959,13.683,214436.000,2445272.200,130,0
figlet,130,1.000,19.998,17467255.467,39635.870,2,0,15477611,nmap,50,1.000,252.831,224819473.067,24415.163,2,0,9101014166,env,30,1.000,3.004,1159168.000,9913.615,2,0,11191640,93.867,366.973,3543986176.000,3703078092.800,12.944,13.580,179758.000,2033814.100,180,0
figlet,130,1.000,19.699,17443089.067,39295.767,2,0,17134910,nmap,50,1.000,246.422,262055662.933,24309.514,3,0,9753442951,env,40,1.000,4.109,1372160.000,13188.965,2,0,11920477,85.333,362.027,3550513152.000,3801091276.800,12.971,13.969,201902.000,2266399.900,155,0
figlet,130,1.000,21.306,1470464.000,49178.122,2,0,90431517,nmap,50,1.000,252.149,234706534.400,29316.250,2,0,10155746640,env,40,1.000,4.699,1400832.000,16952.643,2,0,14275452,84.133,370.667,3543121920.000,3769815040.000,12.935,13.838,189277.000,2380526.800,350,0
figlet,130,1.000,20.269,17446365.867,35583.992,2,0,85389446,nmap,50,1.000,237.993,246226397.867,22117.019,3,0,9839296666,env,40,1.000,4.266,1515520.000,11928.175,2,0,14987911,82.733,422.560,3533977600.000,3752740044.800,12.904,13.777,181198.000,1979085.600,200,0
figlet,130,1.000,21.863,17562692.267,44155.140,2,0,57648418,nmap,50,1.000,239.724,258662809.600,24179.020,3,0,11890530791,env,50,1.000,5.723,1466368.000,18612.356,2,0,15570221,83.333,365.147,3550119936.000,3824823091.200,12.970,14.065,205558.000,2011069.400,350,0
figlet,130,1.000,21.269,17550813.867,43463.582,2,0,108947747,nmap,50,1.000,244.340,255727342.933,25717.280,3,0,10295402395,env,50,1.000,5.402,1445888.000,18016.489,2,0,15946592,80.667,378.627,3536721920.000,3759525068.800,12.921,13.810,210385.000,2351600.900,435,0
figlet,130,1.000,18.859,17526003.810,44231.822,2,0,80368738,nmap,50,1.000,247.028,218866920.107,24868.230,3,0,10823621320,env,50,1.000,5.378,1361920.000,18396.832,2,0,15746923,82.427,390.232,3542773760.000,3743390105.600,12.947,13.747,186007.000,2208006.000,205,0
figlet,130,1.000,19.793,17479680.000,53567.828,2,0,16116905,nmap,50,1.000,230.975,228618786.133,32006.301,3,0,10568049068,env,60,1.000,6.145,1533952.000,26821.754,2,0,11920696,83.150,413.297,3537825792.000,3759230976.000,12.928,13.811,211700.000,2677847.800,190,0
figlet,130,1.000,20.901,17605427.200,38523.723,2,0,43746505,nmap,50,1.000,226.737,244736819.200,22016.825,3,0,12220229020,env,60,1.000,6.743,1671168.000,18863.142,2,0,15007033,88.333,358.360,3538339840.000,3750044057.600,12.931,13.775,190574.000,1772874.000,115,0
figlet,130,1.000,20.520,17527057.067,44126.021,2,0,16099718,nmap,50,1.000,249.237,234407526.400,25884.722,3,0,11027617675,env,60,1.000,6.240,1601536.000,22324.649,2,0,11922842,99.133,388.240,3541954560.000,3714031616.000,12.956,13.639,217107.000,2350712.100,45,0
figlet,130,1.000,21.782,17566105.600,43179.639,2,0,132521719,nmap,50,1.000,231.985,234004398.080,24091.693,3,0,12021928934,env,70,1.000,7.957,25510570.667,25263.718,2,0,27718010,83.467,373.374,3543574528.000,3736276992.000,12.953,13.722,124170.000,2021038.100,230,0
figlet,130,1.000,19.620,17507123.200,50833.921,2,0,16440774,nmap,50,1.000,224.850,224517578.362,29164.669,3,0,10804057778,env,70,1.000,6.927,1511424.000,29047.682,2,0,12095882,82.267,402.480,3539009536.000,3772932505.600,12.934,13.867,181728.000,2539357.800,180,0
figlet,130,1.000,20.085,2721109.333,32582.926,3,0,17523999,nmap,50,1.000,224.360,230806869.333,22323.512,2,0,10969609067,env,70,1.000,7.141,3766272.000,18857.607,3,0,12592803,91.533,391.107,3544332288.000,3784933376.000,12.922,13.881,123683.000,1863384.300,125,0
figlet,130,1.000,21.037,17460428.800,47084.188,2,0,54291383,nmap,50,1.000,235.564,240376354.133,27232.610,3,0,11990647964,env,80,1.000,8.392,1302528.000,30028.803,2,0,15580946,83.667,369.987,3532298240.000,3736326963.200,12.877,13.690,192572.000,2290338.700,135,0
figlet,130,1.000,20.309,17426880.610,36733.750,2,0,79117823,nmap,50,1.000,236.141,242340054.552,21249.389,2,0,12489191105,env,80,1.000,8.960,25555728.091,22705.951,2,0,16243403,80.667,372.925,3534157824.000,3760651878.400,12.880,13.783,200177.000,1899070.700,130,0
figlet,130,1.000,20.867,17593958.400,49142.422,2,0,84875687,nmap,50,1.000,246.676,248778712.990,28660.706,3,0,11799529904,env,80,1.000,8.523,25508113.067,30156.088,2,0,17584575,77.400,369.707,3550472192.000,3747391078.400,12.946,13.731,186686.000,2406591.800,250,0
figlet,130,1.000,19.066,17602696.533,46081.389,2,0,15547176,nmap,50,1.000,204.518,219648136.533,26252.185,3,0,11949864428,env,90,1.000,8.718,1142784.000,32683.342,2,0,12205197,78.200,401.160,3505946624.000,3748648960.000,12.769,13.737,185198.000,2309393.000,135,0
figlet,130,1.000,19.344,17466982.400,47476.629,2,0,15108761,nmap,50,1.000,234.996,256284617.387,29303.011,2,0,10889177260,env,90,1.000,8.447,25500057.600,34170.862,2,0,11908550,86.467,382.747,3549874176.000,3771734425.600,12.945,13.828,228004.000,2554117.800,125,0
figlet,130,1.000,20.366,17514359.467,39014.188,2,0,14916817,nmap,50,1.000,240.047,228498090.667,22330.906,3,0,11449983002,env,90,1.000,9.346,1536000.000,28215.849,2,0,12064430,79.267,380.440,3532523520.000,3766847897.600,12.875,13.809,176710.000,2075846.700,155,0
figlet,130,1.000,22.494,17572659.200,50352.560,2,0,75676395,nmap,50,1.000,232.852,257583240.533,27444.531,3,0,13338073883,env,100,1.000,10.750,1351680.000,37098.540,2,0,19522942,77.933,370.533,3546034176.000,3804027289.600,12.929,13.957,181425.000,2263762.800,170,0
figlet,130,1.000,20.182,17638585.295,48676.741,2,0,16841082,nmap,50,1.000,212.180,244087794.347,27922.042,3,0,12399397118,env,100,1.000,9.366,25500720.762,37772.951,2,0,12345645,78.333,375.853,3538821120.000,3727178137.600,12.909,13.660,195976.000,2612168.600,935,0
figlet,130,1.000,20.057,17513130.667,45665.067,3,0,15914427,nmap,50,1.000,220.676,1499136.000,27535.679,2,0,11774156834,env,100,1.000,9.798,1527808.000,35365.593,3,0,12219398,82.600,387.547,3522205696.000,3729531289.600,12.844,13.671,223487.000,2487222.200,1755,0
figlet,130,1.000,19.636,17526920.533,37749.536,1,0,16849322,nmap,50,1.000,219.836,208117896.533,20275.750,3,0,12402793510,env,110,1.000,10.778,25574741.333,31945.505,1,0,13353722,90.400,424.467,3550951424.000,3835250688.000,12.959,14.092,192844.000,2076128.900,470,0
figlet,130,1.000,21.335,17601514.545,48118.067,2,0,141279786,nmap,50,1.000,205.416,202050386.408,25991.351,3,0,12728675558,env,110,1.000,11.278,25539777.097,39525.404,2,0,62591046,83.267,379.600,3524026368.000,3705021235.200,12.848,13.571,207557.000,2435319.900,970,0
figlet,130,1.000,20.804,17551633.067,48259.300,2,0,16088627,nmap,50,1.000,234.244,241733085.867,26245.543,3,0,12886806164,env,110,1.000,11.300,1486848.000,41436.582,2,0,13177416,80.667,385.254,3540365312.000,3795047628.800,12.916,13.932,183497.000,2473984.400,315,0
figlet,130,1.000,19.935,17574343.111,49363.815,1,0,69481631,nmap,50,1.000,265.177,270655829.333,30009.576,3,0,13034752550,env,120,1.000,11.603,1636693.333,45128.841,1,0,33384094,84.533,417.044,3548393472.000,3795190784.000,12.949,13.933,179564.000,2744742.583,145,0
figlet,130,1.000,20.469,1589248.000,34466.061,3,0,131359693,nmap,50,1.000,210.739,1396736.000,18366.744,3,0,13180697473,env,120,1.000,12.283,1570816.000,31771.763,1,0,98187243,81.133,353.733,3514597376.000,3750869401.600,12.812,13.754,185627.000,1832420.800,265,0
figlet,130,1.000,20.321,17565286.400,51516.389,2,0,15309499,nmap,50,1.000,205.303,282324020.663,28276.978,3,0,13037653490,env,120,1.000,11.891,1449984.000,47107.659,2,0,12051157,83.933,399.000,3545012224.000,3828907622.400,12.936,14.067,178913.000,2528675.800,260,0
figlet,130,1.000,20.811,1441792.000,47238.581,2,0,16863079,nmap,50,1.000,231.355,248272486.400,27628.739,3,0,12173815960,env,130,1.000,12.875,25553988.267,47400.606,2,0,13679311,87.800,371.416,3548399616.000,3778578432.000,12.949,13.866,196183.000,2420737.500,305,0
figlet,130,1.000,21.534,17601194.667,47803.165,2,0,89141077,nmap,50,1.000,225.699,257582694.400,26167.930,3,0,13245453696,env,130,1.000,13.716,1282048.000,46477.352,2,0,62182639,79.267,368.854,3549241344.000,3780141465.600,12.952,13.873,188030.000,2302427.400,295,0
figlet,130,1.000,20.622,17556138.667,40352.487,2,0,15923700,nmap,50,1.000,228.455,240782404.267,21968.588,2,0,12678361671,env,130,1.000,13.024,1480704.000,39595.892,2,0,12613293,87.000,377.787,3548160000.000,3756145868.800,12.916,13.745,191883.000,2082709.300,255,0
figlet,130,1.000,20.756,17506872.889,52601.092,2,0,181841574,nmap,50,1.000,238.090,287116856.889,30650.641,3,0,15115599422,env,140,1.000,14.326,1610410.667,55532.693,2,0,156892056,76.467,394.534,3548368896.000,3862296576.000,12.917,14.168,190396.000,2629712.583,230,0
figlet,130,1.000,20.829,17566515.200,42640.705,2,0,16058347,nmap,50,1.000,214.983,250715750.400,22300.444,3,0,13016690769,env,140,1.000,13.787,1638400.000,44450.439,2,0,13050102,79.333,360.867,3542298624.000,3796154368.000,12.900,13.912,196663.000,2064793.300,530,0
figlet,130,1.000,19.983,1370794.667,46417.745,2,0,98894486,nmap,50,1.000,251.754,1134592.000,29133.686,3,0,13692599453,env,140,1.000,13.427,1521664.000,47967.657,2,0,96102710,81.333,399.345,3541923840.000,3781599573.333,12.896,13.851,189257.000,2596002.833,235,0
figlet,130,1.000,19.939,17407431.111,50615.125,2,0,90967077,nmap,50,1.000,228.807,234792456.127,35133.921,2,0,14798276928,env,150,1.000,14.829,1374208.000,55834.174,2,0,60647606,86.067,415.189,3548592128.000,3819300522.667,12.922,14.003,193625.000,2856044.167,155,0
figlet,130,1.000,18.957,17380807.111,50378.535,1,0,17043956,nmap,50,1.000,258.536,302447957.333,30265.376,3,0,14015201098,env,150,1.000,13.608,1495040.000,54097.648,1,0,15763007,78.733,416.378,3540971520.000,3909680810.667,12.894,14.362,197903.000,2826036.833,300,0
figlet,130,1.000,20.161,17530990.527,53360.550,1,0,44649540,nmap,50,1.000,253.052,259447239.111,31498.130,3,0,14305104374,env,150,1.000,14.239,1399466.667,58078.061,1,0,30260828,77.933,423.789,3549165568.000,3825424042.667,12.922,14.024,170115.000,2914038.083,335,0
figlet,130,1.000,18.660,17400604.444,43758.791,2,0,15298019,nmap,50,1.000,249.436,263819946.667,28512.876,3,0,13158020439,env,160,1.000,14.417,1461589.333,51033.771,2,0,13381355,87.000,397.300,3519655936.000,3806106624.000,12.807,13.948,204363.000,2582460.750,245,0
figlet,130,1.000,17.624,1511082.667,56997.818,2,0,16091138,nmap,50,1.000,252.961,274631715.759,33159.044,3,0,13800538143,env,160,1.000,13.812,25610581.333,63367.792,2,0,13627314,80.733,431.911,3526504448.000,3818281642.667,12.834,13.997,185239.000,3104197.500,205,0
figlet,130,1.000,20.610,17436945.067,43902.271,2,0,16379613,nmap,50,1.000,217.463,267304413.867,23936.825,2,0,13509771726,env,160,1.000,15.781,1581056.000,50915.517,2,0,14830583,82.200,366.400,3514382336.000,3753049702.400,12.786,13.737,214605.000,2155275.300,125,0
figlet,130,1.000,18.812,17397987.556,44196.130,1,0,22608417,nmap,50,1.000,248.428,261609699.556,27165.496,3,0,14529827091,env,170,1.000,15.368,1699157.333,54972.061,1,0,22422480,80.733,408.067,3534452736.000,3801109845.333,12.864,13.927,202372.000,2584592.417,285,0
figlet,130,1.000,18.966,17348152.889,48164.729,2,0,17911980,nmap,50,1.000,248.321,241542371.556,28860.608,3,0,14326609100,env,170,1.000,14.960,25596017.778,57788.279,2,0,16352632,86.600,406.711,3537717248.000,3835645269.333,12.877,14.064,189455.000,2748894.000,515,0
figlet,130,1.000,21.449,17353523.200,44432.922,2,0,17600658,nmap,50,1.000,217.766,1245184.000,23144.512,3,0,14254824148,env,170,1.000,17.211,1458176.000,53365.276,2,0,17214657,89.267,375.880,3534841856.000,3772481536.000,12.866,13.814,193276.000,2161237.200,240,0
figlet,130,1.000,20.875,17514040.889,45579.920,2,0,176879811,nmap,50,1.000,237.323,282751089.778,26230.224,3,0,15955259810,env,180,1.000,17.602,27230435.556,56450.474,2,0,358689458,79.733,400.636,3537094656.000,3875072341.333,12.876,14.227,184879.000,2478108.583,250,0
figlet,130,1.000,19.810,17455100.749,49037.062,2,0,31158446,nmap,50,1.000,252.521,244979347.911,31255.111,3,0,15036069348,env,180,1.000,16.634,1316864.000,62540.878,2,0,44989785,85.933,412.300,3541415936.000,3804712960.000,12.906,13.957,199557.000,2902654.750,245,0
figlet,130,1.000,19.117,17378417.778,44232.878,2,0,20718221,nmap,50,1.000,251.234,270976796.444,29211.451,3,0,14690809559,env,180,1.000,16.625,1493674.667,56687.584,2,0,25075893,83.000,406.556,3526793216.000,3762350421.333,12.848,13.789,206195.000,2630142.833,575,0
figlet,130,1.000,17.623,17444350.375,48113.671,2,0,22906555,nmap,50,1.000,215.045,1523712.000,31107.315,3,0,15670307407,env,190,1.000,16.837,28955374.933,64221.355,2,0,23158312,81.469,411.566,3549773824.000,3783710720.000,12.940,13.874,192992.000,2964792.667,200,0
figlet,130,1.000,19.080,17416000.203,48454.585,2,0,21496083,nmap,50,1.000,231.005,1327104.000,33026.907,3,0,14977136514,env,190,1.000,17.407,1679360.000,64587.719,2,0,36267368,87.133,418.345,3532914688.000,3793469440.000,12.874,13.915,208992.000,2945237.250,170,0
figlet,130,1.000,21.394,1520981.333,52045.168,2,0,191433707,nmap,50,1.000,237.451,1540096.000,30174.921,3,0,17200493741,env,190,1.000,19.210,1574912.000,67375.849,2,0,368803003,82.000,406.156,3532705792.000,3855128576.000,12.874,14.161,189176.000,2782071.500,130,0
figlet,130,1.000,18.711,1717248.000,52839.308,1,0,17947724,nmap,50,1.000,250.206,278776263.111,30741.345,3,0,16179023698,env,200,1.000,17.280,1517568.000,72423.076,1,0,22038183,81.867,426.478,3536844800.000,3814727338.667,12.892,14.001,199070.000,2901346.333,235,0
figlet,130,1.000,20.836,17610638.222,48398.682,2,0,130431787,nmap,50,0.999,241.501,1385813.333,28733.379,3,0,17280146736,env,200,1.000,20.636,1703253.333,68293.688,2,0,501368832,85.200,409.178,3539560448.000,3906532693.333,12.870,14.341,190387.000,2636857.917,285,0
figlet,130,1.000,19.051,17497088.000,42285.123,2,0,19247983,nmap,50,1.000,249.891,278624483.556,27971.585,3,0,14746649095,env,200,1.000,17.864,1817258.667,59306.817,2,0,23731917,84.667,408.067,3541172224.000,3814081877.333,12.894,13.983,234148.000,2574696.000,230,0
figlet,130,1.000,16.914,17580308.317,46351.601,2,0,16735049,nmap,60,1.000,288.116,237148234.768,40642.380,3,0,12350852275,env,0,1.000,0.093,32403933.867,154.147,1,0,0,82.867,414.067,3550302208.000,3842077696.000,12.932,14.097,211057.000,3054888.333,125,0
figlet,130,1.000,18.358,17513016.889,42110.403,2,0,57871658,nmap,60,1.000,298.221,275425166.222,34642.423,3,0,13290026712,env,0,1.000,0.063,32404138.667,150.147,1,0,0,82.333,406.191,3551049728.000,3804510208.000,12.935,13.946,192173.000,2679265.583,190,0
figlet,130,1.000,19.460,1394688.000,48559.175,2,0,79692140,nmap,60,1.000,283.182,231777166.222,40394.522,3,0,13446958932,env,0,1.000,0.070,32404138.667,203.661,1,0,0,80.467,419.600,3549724672.000,3810412202.667,12.930,13.970,186077.000,3066970.250,185,0
figlet,130,1.000,18.823,1747626.667,46979.997,2,0,35562297,nmap,60,1.000,287.862,268283335.111,35161.210,3,0,13585005509,env,10,1.000,1.108,1410389.333,4349.483,2,0,12902724,80.133,401.144,3508103168.000,3790536362.667,12.765,13.890,210573.000,2772022.917,250,0
figlet,130,1.000,18.113,1405610.667,44667.145,2,0,15851999,nmap,60,1.000,299.670,268877937.778,37024.739,3,0,12676992546,env,10,1.000,0.991,32437134.222,3927.118,2,0,11855609,82.133,408.433,3543345152.000,3773472768.000,12.901,13.820,186497.000,2842746.417,230,0
figlet,130,1.000,18.856,1544192.000,54130.506,2,0,16005351,nmap,60,1.000,275.296,1517568.000,42169.877,3,0,13093706327,env,10,1.000,1.025,1548288.000,4851.267,1,0,11061110,82.391,436.443,3546673152.000,3806647978.667,12.917,13.955,182123.000,3183987.417,220,0
figlet,130,1.000,17.860,17592320.000,44805.211,2,0,16771965,nmap,60,1.000,280.004,257246377.041,38608.438,3,0,13536316218,env,20,1.000,1.957,1296384.000,8085.606,2,0,11838483,80.333,418.144,3551109120.000,3787399509.333,12.934,13.878,192503.000,3073589.250,270,0
figlet,130,1.000,19.232,17495381.333,45954.617,3,0,108783690,nmap,60,1.000,274.528,1329834.667,38017.829,2,0,14709465245,env,20,1.000,2.043,1659562.667,8454.368,2,0,14446213,78.667,422.333,3546116096.000,3778927274.667,12.915,13.847,184024.000,2973250.917,215,0
figlet,130,1.000,19.289,17540180.521,43924.062,2,0,72808109,nmap,60,1.000,265.409,272666350.933,36484.960,3,0,14411314770,env,20,1.000,2.006,32428909.714,7527.259,2,0,13160080,77.600,412.567,3548954624.000,3830301013.333,12.943,14.066,129490.000,2720885.083,260,0
figlet,130,1.000,18.458,17557390.222,49785.747,2,0,15485377,nmap,60,1.000,298.706,271854478.222,39182.461,3,0,13709143254,env,30,1.000,2.835,1601536.000,12429.222,2,0,11001239,86.000,410.433,3539202048.000,3816044885.333,12.903,14.009,196656.000,3112639.917,290,0
figlet,130,1.000,18.437,17522346.667,49066.401,2,0,16109587,nmap,60,1.000,294.508,274402759.111,38567.069,3,0,13350021029,env,30,1.000,2.921,1403562.667,12541.350,2,0,11729249,87.800,408.978,3548309504.000,3849785344.000,12.941,14.144,190900.000,3040553.333,260,0
figlet,130,1.000,19.766,17670485.333,47119.812,2,0,101263328,nmap,60,1.000,290.202,294846464.000,36767.541,3,0,15499739694,env,30,1.000,3.227,1515520.000,12580.389,2,0,14252008,78.600,405.700,3537784832.000,3840057344.000,12.900,14.106,195871.000,2789251.833,245,0
figlet,130,1.000,18.433,17474673.778,44760.756,1,0,16435150,nmap,60,1.000,287.609,238081251.556,33345.004,3,0,14197608072,env,40,1.000,3.699,1462954.667,14723.464,1,0,11861596,89.801,420.766,3547795456.000,3805248170.667,12.941,13.968,199509.000,2652937.250,160,0
figlet,130,1.000,19.844,17571157.333,50231.060,1,0,53554407,nmap,60,1.000,283.006,286986922.667,37521.055,3,0,15436711068,env,40,1.000,4.058,1359872.000,16928.700,1,0,13874702,81.267,405.411,3539310592.000,3826568533.333,12.907,14.053,182628.000,2945346.500,225,0
figlet,130,1.000,19.669,17548174.222,47074.198,3,0,102457494,nmap,60,1.000,268.122,247316593.778,31140.017,3,0,15917665327,env,40,1.000,4.055,1496405.333,15429.885,3,0,15243588,77.933,422.167,3539924992.000,3850553685.333,12.914,14.155,199133.000,2613988.083,270,0
figlet,130,1.000,20.280,17598249.448,49369.701,2,0,68578741,nmap,60,1.000,263.544,260592750.527,37582.930,3,0,16135317710,env,50,1.000,4.925,32515982.222,20538.271,2,0,14842969,79.533,410.011,3545513984.000,3846044672.000,12.904,14.100,192756.000,2871362.417,260,0
figlet,130,1.000,19.887,1638400.000,43965.819,1,0,163773384,nmap,60,1.000,279.669,274034460.444,33481.887,3,0,15973739105,env,50,1.000,5.059,1477290.667,17931.576,1,0,31420959,76.600,404.422,3545489408.000,3835042474.667,12.871,14.028,176299.000,2587850.833,185,0
figlet,130,1.000,19.075,1390592.000,49327.927,1,0,37084305,nmap,60,1.000,267.610,265319651.556,33809.745,3,0,15480595944,env,50,1.000,4.896,1413120.000,19885.057,1,0,13448925,78.867,395.200,3544092672.000,3824635562.667,12.868,13.987,191218.000,2869715.417,250,0
figlet,130,1.000,19.605,18096469.333,45480.046,3,0,112006398,nmap,60,1.000,254.490,280464536.787,36755.187,3,0,16807310620,env,60,1.000,6.165,1503232.000,22835.587,2,0,16421636,81.067,418.700,3545837568.000,3842173610.667,12.877,14.061,202303.000,2917650.583,160,0
figlet,130,1.000,19.097,18044359.111,46265.079,1,0,20019374,nmap,60,1.000,282.086,278005727.492,32578.235,3,0,15402396262,env,60,1.000,5.717,1476266.667,22680.454,1,0,13965225,81.467,423.056,3543013376.000,3889749333.333,12.866,14.249,178984.000,2706244.083,235,0
figlet,130,1.000,19.168,18012160.000,49014.622,2,0,27838426,nmap,60,1.000,286.126,298907306.667,36758.956,3,0,14854499773,env,60,1.000,5.650,32500736.000,23980.163,2,0,13433256,84.469,408.321,3526363136.000,3734890496.000,12.801,13.634,192807.000,2954549.917,135,0
figlet,130,1.000,18.880,17975296.000,45309.529,1,0,16962155,nmap,60,1.000,282.070,293441080.889,32393.103,3,0,15910156489,env,70,1.000,6.609,1370794.667,25483.250,1,0,12397954,84.333,418.456,3535050752.000,3817386325.333,12.835,13.962,204734.000,2625869.167,130,0
figlet,130,1.000,20.579,18107847.111,48698.535,1,0,122458800,nmap,60,1.000,261.552,1425408.000,32654.791,3,0,16868569178,env,70,1.000,7.025,1415850.667,26516.668,1,0,17362917,77.933,394.344,3535339520.000,3814427648.000,12.837,13.951,182356.000,2621866.500,165,0
figlet,130,1.000,18.806,18008746.667,45919.513,2,0,15266581,nmap,60,1.000,257.982,1482752.000,37794.824,3,0,14983366449,env,70,1.000,6.731,1597440.000,25348.388,2,0,11645623,83.933,418.000,3524182016.000,3769597610.667,12.793,13.773,177566.000,2944736.500,150,0
figlet,130,1.000,18.740,17991338.667,50006.353,2,0,15569420,nmap,60,1.000,277.527,1535317.333,38612.917,3,0,15289262348,env,80,1.000,8.098,1385813.333,32865.137,2,0,11526214,83.600,409.289,3545896960.000,3763137536.000,12.879,13.747,189767.000,3029289.000,125,0
figlet,130,1.000,20.009,17961528.889,52594.882,1,0,89877425,nmap,60,1.000,271.543,291154147.556,35727.768,3,0,16658764981,env,80,1.000,8.080,1329152.000,33201.179,1,0,17111416,78.600,403.189,3546572800.000,3829782869.333,12.882,14.012,185934.000,2861518.667,380,0
figlet,130,1.000,18.878,17779646.984,49500.027,2,0,158017605,nmap,60,1.000,245.902,260211581.968,35668.429,3,0,16079474737,env,80,1.000,7.311,1464320.000,30941.926,2,0,20456791,77.867,413.533,3526146048.000,3896719701.333,12.798,14.275,193812.000,2948216.833,300,0
figlet,130,1.000,18.349,17800647.111,46645.585,1,0,18160954,nmap,60,1.000,273.393,274407992.889,34050.616,3,0,15481521633,env,90,1.000,8.540,1622016.000,33358.648,1,0,12330866,91.733,405.933,3550896128.000,3820053162.667,12.895,13.969,199422.000,2801707.667,290,0
figlet,130,1.000,18.900,17859925.333,43947.790,3,0,16381264,nmap,60,1.000,257.585,262877411.556,32007.284,3,0,16223070284,env,90,1.000,8.489,1484800.000,30607.361,3,0,12378078,80.600,423.200,3538722816.000,3840881322.667,12.846,14.054,220175.000,2614931.750,330,0
figlet,130,1.000,19.136,1571498.667,48922.202,1,0,20777969,nmap,60,1.000,260.237,279788153.905,36772.983,3,0,16751398947,env,90,1.000,8.114,1430528.000,35258.703,1,0,14437299,83.000,411.322,3544209408.000,3855228586.667,12.867,14.108,214481.000,2925201.417,780,0
figlet,130,1.000,19.633,17928998.197,53922.845,1,0,86777024,nmap,60,1.000,246.836,259601066.667,35259.766,3,0,17310701836,env,100,1.000,9.830,1617920.000,42533.805,1,0,32320167,83.467,435.911,3547332608.000,3847076522.667,12.881,14.071,205818.000,2908006.750,260,0
figlet,130,1.000,18.971,17357141.333,45717.921,1,0,17509038,nmap,60,1.000,272.100,269144064.000,30916.900,3,0,16684069097,env,100,1.000,9.277,1482410.667,35734.262,1,0,12821180,79.467,413.533,3545507840.000,3816880128.000,12.838,13.922,198171.000,2679897.417,1630,0
figlet,130,1.000,18.201,1836032.000,49104.106,1,0,15893854,nmap,60,1.000,260.856,255179207.111,34786.995,3,0,16434160862,env,100,1.000,8.816,1552384.000,38855.546,1,0,12694423,85.000,429.911,3548512256.000,3858805760.000,12.852,14.091,216502.000,2831583.917,315,0
figlet,130,1.000,19.809,1589930.667,36696.139,3,0,124618385,nmap,60,1.000,247.835,1419264.000,24876.101,3,0,18217584332,env,110,1.000,10.770,1426773.333,30118.385,3,0,37453011,85.865,423.822,3539253248.000,3823456938.667,12.816,13.953,207372.000,2318999.500,295,0
figlet,130,1.000,20.027,1754453.333,45995.852,1,0,79425130,nmap,60,1.000,251.928,1449984.000,31314.900,3,0,17545327504,env,110,1.000,10.926,1317546.667,38947.818,1,0,19529756,84.800,398.411,3547901952.000,3807395840.000,12.852,13.887,193618.000,2514441.167,425,0
figlet,130,1.000,18.595,17299911.111,49849.963,1,0,16683738,nmap,60,1.000,271.737,312294286.222,34279.219,3,0,16894346939,env,110,1.000,10.274,1598805.333,41571.203,1,0,13553091,76.400,404.700,3521220608.000,3800633685.333,12.742,13.859,188394.000,2815104.167,255,0
figlet,130,1.000,18.838,17315953.778,47435.929,1,0,16280545,nmap,60,1.000,248.001,245517539.556,35800.018,3,0,17318492414,env,120,1.000,11.119,1626112.000,44320.723,1,0,13116009,80.667,418.046,3549136896.000,3834985130.667,12.856,13.997,214233.000,3061799.083,255,0
figlet,130,1.000,20.022,1656832.000,40008.972,2,0,116484522,nmap,60,1.000,242.908,281915505.778,30219.677,3,0,17808518690,env,120,1.000,11.694,1505280.000,37046.682,2,0,67465512,84.533,418.167,3550076928.000,3875075413.333,12.871,14.170,193817.000,2701480.583,465,0
figlet,130,1.000,19.479,17796778.667,50386.563,1,0,48928141,nmap,60,1.000,256.355,1638400.000,34851.428,3,0,17588931582,env,120,1.000,11.226,32527246.222,45419.526,1,0,40578108,80.533,400.967,3550539776.000,3848618325.333,12.878,14.067,189012.000,2855626.833,245,0
figlet,130,1.000,20.733,1566037.333,51868.395,1,0,99855715,nmap,60,1.000,258.026,277331740.444,33786.919,3,0,19250895311,env,130,1.000,13.199,1449301.333,50662.813,1,0,69372514,87.333,408.678,3548264448.000,3899732992.000,12.869,14.273,215800.000,2818476.000,285,0
figlet,130,1.000,20.475,17700977.778,48314.133,1,0,115035784,nmap,60,1.000,247.601,289587655.111,31792.693,3,0,18046520009,env,130,1.000,12.879,1452032.000,46605.452,1,0,57243802,82.800,398.375,3550386176.000,3923932501.333,12.858,14.345,190812.000,2643431.167,735,0
figlet,130,1.000,18.834,17482069.333,50601.792,1,0,16394123,nmap,60,0.999,268.141,264689891.556,35667.060,3,0,17413745293,env,130,1.000,12.028,1313450.667,49785.979,1,0,12717225,85.867,410.133,3544877056.000,3806119253.333,12.835,13.879,187065.000,2974281.917,1610,0
figlet,130,1.000,19.126,17603015.111,49685.413,1,0,20193953,nmap,60,1.000,259.590,309212273.778,35850.020,3,0,17899574876,env,140,1.000,12.751,1782442.667,51580.320,1,0,15661007,80.800,406.678,3525666816.000,3845811882.667,12.760,14.038,185501.000,2970961.667,435,0
